Session ID,Mouse ID,Date,Modality,Context,Dandiset ID,DANDI path,DANDI link,Source session S3 asset,Spike-sorted S3 asset,CCF S3 asset,Behavior S3 asset,Behavior videos S3 asset,Motion-corrected S3 asset,Annotated S3 asset,Processed S3 asset,NWB S3 asset
multiplane-ophys_832700_2026-01-24_12-06-12,832700,2026-01-24,Mesoscope,Sensorimotor,001768,sub-832700/sub-832700_ses-multiplane-ophys-832700-2026-01-24-12-06-12_ophys.nwb,https://dandiarchive.org/dandiset/001768/draft/files?location=sub-832700&page=1,https://open.quiltdata.com/b/aind-open-data/tree/multiplane-ophys_832700_2026-01-24_12-06-12/,,,https://open.quiltdata.com/b/aind-open-data/tree/multiplane-ophys_832700_2026-01-24_12-06-12_processed_2026-01-25_13-33-34/,https://open.quiltdata.com/b/aind-open-data/tree/multiplane-ophys_832700_2026-01-24_12-06-12_processed_2026-01-25_13-22-08/,,,https://open.quiltdata.com/b/aind-open-data/tree/multiplane-ophys_832700_2026-01-24_12-06-12_processed_2026-03-28_02-17-32/,https://open.quiltdata.com/b/aind-open-data/tree/multiplane-ophys_832700_2026-01-24_12-06-12_nwb_2026-04-20_22-59-22/
multiplane-ophys_832700_2026-01-29_11-18-09,832700,2026-01-29,Mesoscope,Sensorimotor,001768,sub-832700/sub-832700_ses-multiplane-ophys-832700-2026-01-29-11-18-09_ophys.nwb,https://dandiarchive.org/dandiset/001768/draft/files?location=sub-832700&page=1,https://open.quiltdata.com/b/aind-open-data/tree/multiplane-ophys_832700_2026-01-29_11-18-09/,,,https://open.quiltdata.com/b/aind-open-data/tree/multiplane-ophys_832700_2026-01-29_11-18-09_processed_2026-01-30_14-35-06/,https://open.quiltdata.com/b/aind-open-data/tree/multiplane-ophys_832700_2026-01-29_11-18-09_processed_2026-01-30_14-22-47/,,,https://open.quiltdata.com/b/aind-open-data/tree/multiplane-ophys_832700_2026-01-29_11-18-09_processed_2026-01-30_19-13-59/,https://open.quiltdata.com/b/aind-open-data/tree/multiplane-ophys_832700_2026-01-29_11-18-09_nwb_2026-04-17_17-47-15/
multiplane-ophys_832700_2026-01-30_09-32-25,832700,2026-01-30,Mesoscope,Standard oddball,001768,sub-832700/sub-832700_ses-multiplane-ophys-832700-2026-01-30-09-32-25_ophys.nwb,https://dandiarchive.org/dandiset/001768/draft/files?location=sub-832700&page=1,https://open.quiltdata.com/b/aind-open-data/tree/multiplane-ophys_832700_2026-01-30_09-32-25/,,,https://open.quiltdata.com/b/aind-open-data/tree/multiplane-ophys_832700_2026-01-30_09-32-25_processed_2026-04-06_20-26-37/,https://open.quiltdata.com/b/aind-open-data/tree/multiplane-ophys_832700_2026-01-30_09-32-25_processed_2026-02-07_14-41-00/,,,https://open.quiltdata.com/b/aind-open-data/tree/multiplane-ophys_832700_2026-01-30_09-32-25_processed_2026-02-07_19-36-08/,https://open.quiltdata.com/b/aind-open-data/tree/multiplane-ophys_832700_2026-01-30_09-32-25_nwb_2026-04-21_01-11-39/
multiplane-ophys_832700_2026-01-31_11-38-29,832700,2026-01-31,Mesoscope,Standard oddball,001768,sub-832700/sub-832700_ses-multiplane-ophys-832700-2026-01-31-11-38-29_ophys.nwb,https://dandiarchive.org/dandiset/001768/draft/files?location=sub-832700&page=1,https://open.quiltdata.com/b/aind-open-data/tree/multiplane-ophys_832700_2026-01-31_11-38-29/,,,https://open.quiltdata.com/b/aind-open-data/tree/multiplane-ophys_832700_2026-01-31_11-38-29_processed_2026-02-01_12-46-33/,https://open.quiltdata.com/b/aind-open-data/tree/multiplane-ophys_832700_2026-01-31_11-38-29_processed_2026-02-01_12-35-54/,,,https://open.quiltdata.com/b/aind-open-data/tree/multiplane-ophys_832700_2026-01-31_11-38-29_processed_2026-02-01_17-38-26/,https://open.quiltdata.com/b/aind-open-data/tree/multiplane-ophys_832700_2026-01-31_11-38-29_nwb_2026-04-21_00-26-30/
multiplane-ophys_832700_2026-02-06_12-31-00,832700,2026-02-06,Mesoscope,Sequence,001768,sub-832700/sub-832700_ses-multiplane-ophys-832700-2026-02-06-12-31-00_ophys.nwb,https://dandiarchive.org/dandiset/001768/draft/files?location=sub-832700&page=1,https://open.quiltdata.com/b/aind-open-data/tree/multiplane-ophys_832700_2026-02-06_12-31-00/,,,https://open.quiltdata.com/b/aind-open-data/tree/multiplane-ophys_832700_2026-02-06_12-31-00_processed_2026-02-08_13-53-35/,https://open.quiltdata.com/b/aind-open-data/tree/multiplane-ophys_832700_2026-02-06_12-31-00_processed_2026-02-08_13-44-02/,,,https://open.quiltdata.com/b/aind-open-data/tree/multiplane-ophys_832700_2026-02-06_12-31-00_processed_2026-02-08_18-58-10/,https://open.quiltdata.com/b/aind-open-data/tree/multiplane-ophys_832700_2026-02-06_12-31-00_nwb_2026-04-21_00-39-39/
multiplane-ophys_832700_2026-02-07_11-18-06,832700,2026-02-07,Mesoscope,Sequence,001768,sub-832700/sub-832700_ses-multiplane-ophys-832700-2026-02-07-11-18-06_ophys.nwb,https://dandiarchive.org/dandiset/001768/draft/files?location=sub-832700&page=1,https://open.quiltdata.com/b/aind-open-data/tree/multiplane-ophys_832700_2026-02-07_11-18-06/,,,https://open.quiltdata.com/b/aind-open-data/tree/multiplane-ophys_832700_2026-02-07_11-18-06_processed_2026-02-08_15-02-47/,https://open.quiltdata.com/b/aind-open-data/tree/multiplane-ophys_832700_2026-02-07_11-18-06_processed_2026-02-08_14-50-56/,,,https://open.quiltdata.com/b/aind-open-data/tree/multiplane-ophys_832700_2026-02-07_11-18-06_processed_2026-02-08_19-58-45/,https://open.quiltdata.com/b/aind-open-data/tree/multiplane-ophys_832700_2026-02-07_11-18-06_nwb_2026-04-21_00-39-30/
multiplane-ophys_832700_2026-02-12_11-45-55,832700,2026-02-12,Mesoscope,Duration,001768,sub-832700/sub-832700_ses-multiplane-ophys-832700-2026-02-12-11-45-55_ophys.nwb,https://dandiarchive.org/dandiset/001768/draft/files?location=sub-832700&page=1,https://open.quiltdata.com/b/aind-open-data/tree/multiplane-ophys_832700_2026-02-12_11-45-55/,,,https://open.quiltdata.com/b/aind-open-data/tree/multiplane-ophys_832700_2026-02-12_11-45-55_processed_2026-02-13_05-55-43/,https://open.quiltdata.com/b/aind-open-data/tree/multiplane-ophys_832700_2026-02-12_11-45-55_processed_2026-02-13_05-40-15/,,,https://open.quiltdata.com/b/aind-open-data/tree/multiplane-ophys_832700_2026-02-12_11-45-55_processed_2026-02-13_10-22-52/,https://open.quiltdata.com/b/aind-open-data/tree/multiplane-ophys_832700_2026-02-12_11-45-55_nwb_2026-04-21_00-25-09/
multiplane-ophys_832700_2026-02-13_11-45-59,832700,2026-02-13,Mesoscope,Duration,001768,sub-832700/sub-832700_ses-multiplane-ophys-832700-2026-02-13-11-45-59_ophys.nwb,https://dandiarchive.org/dandiset/001768/draft/files?location=sub-832700&page=1,https://open.quiltdata.com/b/aind-open-data/tree/multiplane-ophys_832700_2026-02-13_11-45-59/,,,https://open.quiltdata.com/b/aind-open-data/tree/multiplane-ophys_832700_2026-02-13_11-45-59_processed_2026-04-02_17-48-18/,https://open.quiltdata.com/b/aind-open-data/tree/multiplane-ophys_832700_2026-02-13_11-45-59_processed_2026-02-14_06-15-39/,,,https://open.quiltdata.com/b/aind-open-data/tree/multiplane-ophys_832700_2026-02-13_11-45-59_processed_2026-02-14_10-56-24/,https://open.quiltdata.com/b/aind-open-data/tree/multiplane-ophys_832700_2026-02-13_11-45-59_nwb_2026-04-21_01-11-00/
multiplane-ophys_837568_2026-02-13_14-38-22,837568,2026-02-13,Mesoscope,Sequence,001768,sub-837568/sub-837568_ses-multiplane-ophys-837568-2026-02-13-14-38-22_ophys.nwb,https://dandiarchive.org/dandiset/001768/draft/files?location=sub-837568&page=1,https://open.quiltdata.com/b/aind-open-data/tree/multiplane-ophys_837568_2026-02-13_14-38-22/,,,https://open.quiltdata.com/b/aind-open-data/tree/multiplane-ophys_837568_2026-02-13_14-38-22_processed_2026-04-02_17-47-05/,https://open.quiltdata.com/b/aind-open-data/tree/multiplane-ophys_837568_2026-02-13_14-38-22_processed_2026-02-14_08-28-43/,,,https://open.quiltdata.com/b/aind-open-data/tree/multiplane-ophys_837568_2026-02-13_14-38-22_processed_2026-02-14_13-24-10/,https://open.quiltdata.com/b/aind-open-data/tree/multiplane-ophys_837568_2026-02-13_14-38-22_nwb_2026-04-21_01-17-05/
multiplane-ophys_837568_2026-02-16_11-39-57,837568,2026-02-16,Mesoscope,Sequence,001768,sub-837568/sub-837568_ses-multiplane-ophys-837568-2026-02-16-11-39-57_ophys.nwb,https://dandiarchive.org/dandiset/001768/draft/files?location=sub-837568&page=1,https://open.quiltdata.com/b/aind-open-data/tree/multiplane-ophys_837568_2026-02-16_11-39-57/,,,https://open.quiltdata.com/b/aind-open-data/tree/multiplane-ophys_837568_2026-02-16_11-39-57_processed_2026-02-17_05-44-09/,https://open.quiltdata.com/b/aind-open-data/tree/multiplane-ophys_837568_2026-02-16_11-39-57_processed_2026-02-17_05-34-39/,,,https://open.quiltdata.com/b/aind-open-data/tree/multiplane-ophys_837568_2026-02-16_11-39-57_processed_2026-02-17_10-28-19/,https://open.quiltdata.com/b/aind-open-data/tree/multiplane-ophys_837568_2026-02-16_11-39-57_nwb_2026-04-21_01-09-39/
multiplane-ophys_837568_2026-02-17_11-50-35,837568,2026-02-17,Mesoscope,Duration,001768,sub-837568/sub-837568_ses-multiplane-ophys-837568-2026-02-17-11-50-35_ophys.nwb,https://dandiarchive.org/dandiset/001768/draft/files?location=sub-837568&page=1,https://open.quiltdata.com/b/aind-open-data/tree/multiplane-ophys_837568_2026-02-17_11-50-35/,,,https://open.quiltdata.com/b/aind-open-data/tree/multiplane-ophys_837568_2026-02-17_11-50-35_processed_2026-02-18_05-55-13/,https://open.quiltdata.com/b/aind-open-data/tree/multiplane-ophys_837568_2026-02-17_11-50-35_processed_2026-02-18_05-40-15/,,,https://open.quiltdata.com/b/aind-open-data/tree/multiplane-ophys_837568_2026-02-17_11-50-35_processed_2026-02-18_10-24-45/,https://open.quiltdata.com/b/aind-open-data/tree/multiplane-ophys_837568_2026-02-17_11-50-35_nwb_2026-04-21_01-14-05/
multiplane-ophys_837568_2026-02-19_13-22-26,837568,2026-02-19,Mesoscope,Duration,001768,sub-837568/sub-837568_ses-multiplane-ophys-837568-2026-02-19-13-22-26_ophys.nwb,https://dandiarchive.org/dandiset/001768/draft/files?location=sub-837568&page=1,https://open.quiltdata.com/b/aind-open-data/tree/multiplane-ophys_837568_2026-02-19_13-22-26/,,,https://open.quiltdata.com/b/aind-open-data/tree/multiplane-ophys_837568_2026-02-19_13-22-26_processed_2026-03-24_21-12-05/,https://open.quiltdata.com/b/aind-open-data/tree/multiplane-ophys_837568_2026-02-19_13-22-26_processed_2026-02-21_00-48-31/,,,https://open.quiltdata.com/b/aind-open-data/tree/multiplane-ophys_837568_2026-02-19_13-22-26_processed_2026-02-21_06-30-28/,https://open.quiltdata.com/b/aind-open-data/tree/multiplane-ophys_837568_2026-02-19_13-22-26_nwb_2026-04-21_00-40-09/
multiplane-ophys_837568_2026-02-20_10-35-23,837568,2026-02-20,Mesoscope,Standard oddball,001768,sub-837568/sub-837568_ses-multiplane-ophys-837568-2026-02-20-10-35-23_ophys.nwb,https://dandiarchive.org/dandiset/001768/draft/files?location=sub-837568&page=1,https://open.quiltdata.com/b/aind-open-data/tree/multiplane-ophys_837568_2026-02-20_10-35-23/,,,https://open.quiltdata.com/b/aind-open-data/tree/multiplane-ophys_837568_2026-02-20_10-35-23_processed_2026-03-24_21-12-05/,https://open.quiltdata.com/b/aind-open-data/tree/multiplane-ophys_837568_2026-02-20_10-35-23_processed_2026-02-21_06-27-50/,,,https://open.quiltdata.com/b/aind-open-data/tree/multiplane-ophys_837568_2026-02-20_10-35-23_processed_2026-02-21_11-18-14/,https://open.quiltdata.com/b/aind-open-data/tree/multiplane-ophys_837568_2026-02-20_10-35-23_nwb_2026-04-21_00-00-08/
multiplane-ophys_839909_2026-02-20_12-53-27,839909,2026-02-20,Mesoscope,Sensorimotor,001768,sub-839909/sub-839909_ses-multiplane-ophys-839909-2026-02-20-12-53-27_ophys.nwb,https://dandiarchive.org/dandiset/001768/draft/files?location=sub-839909&page=1,https://open.quiltdata.com/b/aind-open-data/tree/multiplane-ophys_839909_2026-02-20_12-53-27/,,,https://open.quiltdata.com/b/aind-open-data/tree/multiplane-ophys_839909_2026-02-20_12-53-27_processed_2026-02-21_08-00-32/,https://open.quiltdata.com/b/aind-open-data/tree/multiplane-ophys_839909_2026-02-20_12-53-27_processed_2026-02-21_07-39-53/,,,https://open.quiltdata.com/b/aind-open-data/tree/multiplane-ophys_839909_2026-02-20_12-53-27_processed_2026-02-21_14-17-01/,https://open.quiltdata.com/b/aind-open-data/tree/multiplane-ophys_839909_2026-02-20_12-53-27_nwb_2026-04-21_00-49-41/
multiplane-ophys_837568_2026-02-23_12-57-43,837568,2026-02-23,Mesoscope,Standard oddball,001768,sub-837568/sub-837568_ses-multiplane-ophys-837568-2026-02-23-12-57-43_ophys.nwb,https://dandiarchive.org/dandiset/001768/draft/files?location=sub-837568&page=1,https://open.quiltdata.com/b/aind-open-data/tree/multiplane-ophys_837568_2026-02-23_12-57-43/,,,https://open.quiltdata.com/b/aind-open-data/tree/multiplane-ophys_837568_2026-02-23_12-57-43_processed_2026-03-24_21-12-01/,https://open.quiltdata.com/b/aind-open-data/tree/multiplane-ophys_837568_2026-02-23_12-57-43_processed_2026-02-24_05-28-09/,,,https://open.quiltdata.com/b/aind-open-data/tree/multiplane-ophys_837568_2026-02-23_12-57-43_processed_2026-02-24_10-23-49/,https://open.quiltdata.com/b/aind-open-data/tree/multiplane-ophys_837568_2026-02-23_12-57-43_nwb_2026-04-21_00-29-53/
multiplane-ophys_837568_2026-02-24_11-35-15,837568,2026-02-24,Mesoscope,Sensorimotor,001768,sub-837568/sub-837568_ses-multiplane-ophys-837568-2026-02-24-11-35-15_ophys.nwb,https://dandiarchive.org/dandiset/001768/draft/files?location=sub-837568&page=1,https://open.quiltdata.com/b/aind-open-data/tree/multiplane-ophys_837568_2026-02-24_11-35-15/,,,https://open.quiltdata.com/b/aind-open-data/tree/multiplane-ophys_837568_2026-02-24_11-35-15_processed_2026-03-24_21-21-14/,https://open.quiltdata.com/b/aind-open-data/tree/multiplane-ophys_837568_2026-02-24_11-35-15_processed_2026-02-25_06-42-42/,,,https://open.quiltdata.com/b/aind-open-data/tree/multiplane-ophys_837568_2026-02-24_11-35-15_processed_2026-02-25_11-37-17/,https://open.quiltdata.com/b/aind-open-data/tree/multiplane-ophys_837568_2026-02-24_11-35-15_nwb_2026-04-21_00-48-11/
multiplane-ophys_837568_2026-02-26_14-00-52,837568,2026-02-26,Mesoscope,Sensorimotor,001768,sub-837568/sub-837568_ses-multiplane-ophys-837568-2026-02-26-14-00-52_ophys.nwb,https://dandiarchive.org/dandiset/001768/draft/files?location=sub-837568&page=1,https://open.quiltdata.com/b/aind-open-data/tree/multiplane-ophys_837568_2026-02-26_14-00-52/,,,https://open.quiltdata.com/b/aind-open-data/tree/multiplane-ophys_837568_2026-02-26_14-00-52_processed_2026-04-02_17-48-11/,https://open.quiltdata.com/b/aind-open-data/tree/multiplane-ophys_837568_2026-02-26_14-00-52_processed_2026-02-27_05-47-13/,,,https://open.quiltdata.com/b/aind-open-data/tree/multiplane-ophys_837568_2026-02-26_14-00-52_processed_2026-02-27_11-09-43/,https://open.quiltdata.com/b/aind-open-data/tree/multiplane-ophys_837568_2026-02-26_14-00-52_nwb_2026-04-21_00-49-59/
multiplane-ophys_839909_2026-02-26_15-11-01,839909,2026-02-26,Mesoscope,Sensorimotor,001768,sub-839909/sub-839909_ses-multiplane-ophys-839909-2026-02-26-15-11-01_ophys.nwb,https://dandiarchive.org/dandiset/001768/draft/files?location=sub-839909&page=1,https://open.quiltdata.com/b/aind-open-data/tree/multiplane-ophys_839909_2026-02-26_15-11-01/,,,https://open.quiltdata.com/b/aind-open-data/tree/multiplane-ophys_839909_2026-02-26_15-11-01_processed_2026-02-27_06-04-50/,https://open.quiltdata.com/b/aind-open-data/tree/multiplane-ophys_839909_2026-02-26_15-11-01_processed_2026-02-27_05-51-26/,,,https://open.quiltdata.com/b/aind-open-data/tree/multiplane-ophys_839909_2026-02-26_15-11-01_processed_2026-02-27_11-23-59/,https://open.quiltdata.com/b/aind-open-data/tree/multiplane-ophys_839909_2026-02-26_15-11-01_nwb_2026-04-21_00-56-04/
multiplane-ophys_839909_2026-02-27_14-04-04,839909,2026-02-27,Mesoscope,Standard oddball,001768,sub-839909/sub-839909_ses-multiplane-ophys-839909-2026-02-27-14-04-04_ophys.nwb,https://dandiarchive.org/dandiset/001768/draft/files?location=sub-839909&page=1,https://open.quiltdata.com/b/aind-open-data/tree/multiplane-ophys_839909_2026-02-27_14-04-04/,,,https://open.quiltdata.com/b/aind-open-data/tree/multiplane-ophys_839909_2026-02-27_14-04-04_processed_2026-04-02_17-49-21/,https://open.quiltdata.com/b/aind-open-data/tree/multiplane-ophys_839909_2026-02-27_14-04-04_processed_2026-02-28_06-05-16/,,,https://open.quiltdata.com/b/aind-open-data/tree/multiplane-ophys_839909_2026-02-27_14-04-04_processed_2026-02-28_11-49-27/,https://open.quiltdata.com/b/aind-open-data/tree/multiplane-ophys_839909_2026-02-27_14-04-04_nwb_2026-04-21_01-12-40/
multiplane-ophys_843000_2026-03-03_12-18-14,843000,2026-03-03,Mesoscope,Sequence,001768,sub-843000/sub-843000_ses-multiplane-ophys-843000-2026-03-03-12-18-14_ophys.nwb,https://dandiarchive.org/dandiset/001768/draft/files?location=sub-843000&page=1,https://open.quiltdata.com/b/aind-open-data/tree/multiplane-ophys_843000_2026-03-03_12-18-14/,,,https://open.quiltdata.com/b/aind-open-data/tree/multiplane-ophys_843000_2026-03-03_12-18-14_processed_2026-03-04_07-01-16/,https://open.quiltdata.com/b/aind-open-data/tree/multiplane-ophys_843000_2026-03-03_12-18-14_processed_2026-03-04_06-48-06/,,,https://open.quiltdata.com/b/aind-open-data/tree/multiplane-ophys_843000_2026-03-03_12-18-14_processed_2026-03-04_11-42-13/,https://open.quiltdata.com/b/aind-open-data/tree/multiplane-ophys_843000_2026-03-03_12-18-14_nwb_2026-04-21_01-11-02/
multiplane-ophys_843000_2026-03-04_13-46-36,843000,2026-03-04,Mesoscope,Sequence,001768,sub-843000/sub-843000_ses-multiplane-ophys-843000-2026-03-04-13-46-36_ophys.nwb,https://dandiarchive.org/dandiset/001768/draft/files?location=sub-843000&page=1,https://open.quiltdata.com/b/aind-open-data/tree/multiplane-ophys_843000_2026-03-04_13-46-36/,,,https://open.quiltdata.com/b/aind-open-data/tree/multiplane-ophys_843000_2026-03-04_13-46-36_processed_2026-03-05_06-05-41/,https://open.quiltdata.com/b/aind-open-data/tree/multiplane-ophys_843000_2026-03-04_13-46-36_processed_2026-03-05_05-46-51/,,,https://open.quiltdata.com/b/aind-open-data/tree/multiplane-ophys_843000_2026-03-04_13-46-36_processed_2026-03-05_10-56-20/,https://open.quiltdata.com/b/aind-open-data/tree/multiplane-ophys_843000_2026-03-04_13-46-36_nwb_2026-04-21_00-45-05/
multiplane-ophys_837568_2026-03-05_14-14-51,837568,2026-03-05,Mesoscope,Standard oddball,001768,sub-837568/sub-837568_ses-multiplane-ophys-837568-2026-03-05-14-14-51_ophys.nwb,https://dandiarchive.org/dandiset/001768/draft/files?location=sub-837568&page=1,https://open.quiltdata.com/b/aind-open-data/tree/multiplane-ophys_837568_2026-03-05_14-14-51/,,,https://open.quiltdata.com/b/aind-open-data/tree/multiplane-ophys_837568_2026-03-05_14-14-51_processed_2026-04-02_17-45-20/,https://open.quiltdata.com/b/aind-open-data/tree/multiplane-ophys_837568_2026-03-05_14-14-51_processed_2026-03-06_06-28-00/,,,https://open.quiltdata.com/b/aind-open-data/tree/multiplane-ophys_837568_2026-03-05_14-14-51_processed_2026-03-06_11-31-22/,https://open.quiltdata.com/b/aind-open-data/tree/multiplane-ophys_837568_2026-03-05_14-14-51_nwb_2026-04-21_00-52-05/
multiplane-ophys_839909_2026-03-05_11-45-48,839909,2026-03-05,Mesoscope,Standard oddball,001768,sub-839909/sub-839909_ses-multiplane-ophys-839909-2026-03-05-11-45-48_ophys.nwb,https://dandiarchive.org/dandiset/001768/draft/files?location=sub-839909&page=1,https://open.quiltdata.com/b/aind-open-data/tree/multiplane-ophys_839909_2026-03-05_11-45-48/,,,https://open.quiltdata.com/b/aind-open-data/tree/multiplane-ophys_839909_2026-03-05_11-45-48_processed_2026-04-02_17-47-35/,https://open.quiltdata.com/b/aind-open-data/tree/multiplane-ophys_839909_2026-03-05_11-45-48_processed_2026-03-06_06-49-32/,,,https://open.quiltdata.com/b/aind-open-data/tree/multiplane-ophys_839909_2026-03-05_11-45-48_processed_2026-03-06_11-41-48/,https://open.quiltdata.com/b/aind-open-data/tree/multiplane-ophys_839909_2026-03-05_11-45-48_nwb_2026-04-21_00-35-44/
multiplane-ophys_837568_2026-03-06_13-39-00,837568,2026-03-06,Mesoscope,Standard oddball,001768,sub-837568/sub-837568_ses-multiplane-ophys-837568-2026-03-06-13-39-00_ophys.nwb,https://dandiarchive.org/dandiset/001768/draft/files?location=sub-837568&page=1,https://open.quiltdata.com/b/aind-open-data/tree/multiplane-ophys_837568_2026-03-06_13-39-00/,,,https://open.quiltdata.com/b/aind-open-data/tree/multiplane-ophys_837568_2026-03-06_13-39-00_processed_2026-03-24_21-12-05/,https://open.quiltdata.com/b/aind-open-data/tree/multiplane-ophys_837568_2026-03-06_13-39-00_processed_2026-03-07_06-39-11/,,,https://open.quiltdata.com/b/aind-open-data/tree/multiplane-ophys_837568_2026-03-06_13-39-00_processed_2026-03-08_01-27-49/,https://open.quiltdata.com/b/aind-open-data/tree/multiplane-ophys_837568_2026-03-06_13-39-00_nwb_2026-04-21_01-13-47/
multiplane-ophys_839909_2026-03-06_11-23-27,839909,2026-03-06,Mesoscope,Sequence,001768,sub-839909/sub-839909_ses-multiplane-ophys-839909-2026-03-06-11-23-27_ophys.nwb,https://dandiarchive.org/dandiset/001768/draft/files?location=sub-839909&page=1,https://open.quiltdata.com/b/aind-open-data/tree/multiplane-ophys_839909_2026-03-06_11-23-27/,,,https://open.quiltdata.com/b/aind-open-data/tree/multiplane-ophys_839909_2026-03-06_11-23-27_processed_2026-04-02_17-47-24/,https://open.quiltdata.com/b/aind-open-data/tree/multiplane-ophys_839909_2026-03-06_11-23-27_processed_2026-03-07_06-27-06/,,,https://open.quiltdata.com/b/aind-open-data/tree/multiplane-ophys_839909_2026-03-06_11-23-27_processed_2026-03-07_11-32-19/,https://open.quiltdata.com/b/aind-open-data/tree/multiplane-ophys_839909_2026-03-06_11-23-27_nwb_2026-04-21_01-19-56/
multiplane-ophys_837568_2026-03-09_11-43-41,837568,2026-03-09,Mesoscope,Sensorimotor,001768,sub-837568/sub-837568_ses-multiplane-ophys-837568-2026-03-09-11-43-41_ophys.nwb,https://dandiarchive.org/dandiset/001768/draft/files?location=sub-837568&page=1,https://open.quiltdata.com/b/aind-open-data/tree/multiplane-ophys_837568_2026-03-09_11-43-41/,,,https://open.quiltdata.com/b/aind-open-data/tree/multiplane-ophys_837568_2026-03-09_11-43-41_processed_2026-03-24_22-01-50/,https://open.quiltdata.com/b/aind-open-data/tree/multiplane-ophys_837568_2026-03-09_11-43-41_processed_2026-03-10_04-34-54/,,,https://open.quiltdata.com/b/aind-open-data/tree/multiplane-ophys_837568_2026-03-09_11-43-41_processed_2026-04-04_00-23-10/,https://open.quiltdata.com/b/aind-open-data/tree/multiplane-ophys_837568_2026-03-09_11-43-41_nwb_2026-04-21_00-40-24/
multiplane-ophys_843000_2026-03-10_12-00-54,843000,2026-03-10,Mesoscope,Duration,001768,sub-843000/sub-843000_ses-multiplane-ophys-843000-2026-03-10-12-00-54_ophys.nwb,https://dandiarchive.org/dandiset/001768/draft/files?location=sub-843000&page=1,https://open.quiltdata.com/b/aind-open-data/tree/multiplane-ophys_843000_2026-03-10_12-00-54/,,,https://open.quiltdata.com/b/aind-open-data/tree/multiplane-ophys_843000_2026-03-10_12-00-54_processed_2026-04-02_17-51-05/,https://open.quiltdata.com/b/aind-open-data/tree/multiplane-ophys_843000_2026-03-10_12-00-54_processed_2026-03-11_05-36-17/,,,https://open.quiltdata.com/b/aind-open-data/tree/multiplane-ophys_843000_2026-03-10_12-00-54_processed_2026-03-11_10-31-58/,https://open.quiltdata.com/b/aind-open-data/tree/multiplane-ophys_843000_2026-03-10_12-00-54_nwb_2026-04-21_00-24-54/
multiplane-ophys_843000_2026-03-11_14-27-49,843000,2026-03-11,Mesoscope,Duration,001768,sub-843000/sub-843000_ses-multiplane-ophys-843000-2026-03-11-14-27-49_ophys.nwb,https://dandiarchive.org/dandiset/001768/draft/files?location=sub-843000&page=1,https://open.quiltdata.com/b/aind-open-data/tree/multiplane-ophys_843000_2026-03-11_14-27-49/,,,https://open.quiltdata.com/b/aind-open-data/tree/multiplane-ophys_843000_2026-03-11_14-27-49_processed_2026-04-02_17-51-25/,https://open.quiltdata.com/b/aind-open-data/tree/multiplane-ophys_843000_2026-03-11_14-27-49_processed_2026-03-12_05-34-10/,,,https://open.quiltdata.com/b/aind-open-data/tree/multiplane-ophys_843000_2026-03-11_14-27-49_processed_2026-03-12_10-07-16/,https://open.quiltdata.com/b/aind-open-data/tree/multiplane-ophys_843000_2026-03-11_14-27-49_nwb_2026-04-21_00-48-33/
multiplane-ophys_843001_2026-03-11_11-31-59,843001,2026-03-11,Mesoscope,Sensorimotor,001768,sub-843001/sub-843001_ses-multiplane-ophys-843001-2026-03-11-11-31-59_ophys.nwb,https://dandiarchive.org/dandiset/001768/draft/files?location=sub-843001&page=1,https://open.quiltdata.com/b/aind-open-data/tree/multiplane-ophys_843001_2026-03-11_11-31-59/,,,https://open.quiltdata.com/b/aind-open-data/tree/multiplane-ophys_843001_2026-03-11_11-31-59_processed_2026-04-03_01-27-59/,https://open.quiltdata.com/b/aind-open-data/tree/multiplane-ophys_843001_2026-03-11_11-31-59_processed_2026-03-12_04-39-38/,,,https://open.quiltdata.com/b/aind-open-data/tree/multiplane-ophys_843001_2026-03-11_11-31-59_processed_2026-03-12_09-32-15/,https://open.quiltdata.com/b/aind-open-data/tree/multiplane-ophys_843001_2026-03-11_11-31-59_nwb_2026-04-21_00-25-23/
multiplane-ophys_843001_2026-03-12_12-24-55,843001,2026-03-12,Mesoscope,Sensorimotor,001768,sub-843001/sub-843001_ses-multiplane-ophys-843001-2026-03-12-12-24-55_ophys.nwb,https://dandiarchive.org/dandiset/001768/draft/files?location=sub-843001&page=1,https://open.quiltdata.com/b/aind-open-data/tree/multiplane-ophys_843001_2026-03-12_12-24-55/,,,https://open.quiltdata.com/b/aind-open-data/tree/multiplane-ophys_843001_2026-03-12_12-24-55_processed_2026-04-15_23-18-18/,https://open.quiltdata.com/b/aind-open-data/tree/multiplane-ophys_843001_2026-03-12_12-24-55_processed_2026-03-13_04-31-44/,,,https://open.quiltdata.com/b/aind-open-data/tree/multiplane-ophys_843001_2026-03-12_12-24-55_processed_2026-08-07_12-47-44/,https://open.quiltdata.com/b/aind-open-data/tree/multiplane-ophys_843001_2026-03-12_12-24-55_nwb_2026-08-08_02-44-55/
multiplane-ophys_843000_2026-03-17_12-23-04,843000,2026-03-17,Mesoscope,Standard oddball,001768,sub-843000/sub-843000_ses-multiplane-ophys-843000-2026-03-17-12-23-04_ophys.nwb,https://dandiarchive.org/dandiset/001768/draft/files?location=sub-843000&page=1,https://open.quiltdata.com/b/aind-open-data/tree/multiplane-ophys_843000_2026-03-17_12-23-04/,,,https://open.quiltdata.com/b/aind-open-data/tree/multiplane-ophys_843000_2026-03-17_12-23-04_processed_2026-04-03_01-22-24/,https://open.quiltdata.com/b/aind-open-data/tree/multiplane-ophys_843000_2026-03-17_12-23-04_processed_2026-03-18_04-30-33/,,,https://open.quiltdata.com/b/aind-open-data/tree/multiplane-ophys_843000_2026-03-17_12-23-04_processed_2026-03-18_10-16-37/,https://open.quiltdata.com/b/aind-open-data/tree/multiplane-ophys_843000_2026-03-17_12-23-04_nwb_2026-04-21_00-38-44/
multiplane-ophys_843000_2026-03-18_14-44-34,843000,2026-03-18,Mesoscope,Standard oddball,001768,sub-843000/sub-843000_ses-multiplane-ophys-843000-2026-03-18-14-44-34_ophys.nwb,https://dandiarchive.org/dandiset/001768/draft/files?location=sub-843000&page=1,https://open.quiltdata.com/b/aind-open-data/tree/multiplane-ophys_843000_2026-03-18_14-44-34/,,,https://open.quiltdata.com/b/aind-open-data/tree/multiplane-ophys_843000_2026-03-18_14-44-34_processed_2026-04-03_01-22-09/,https://open.quiltdata.com/b/aind-open-data/tree/multiplane-ophys_843000_2026-03-18_14-44-34_processed_2026-03-19_04-37-21/,,,https://open.quiltdata.com/b/aind-open-data/tree/multiplane-ophys_843000_2026-03-18_14-44-34_processed_2026-03-19_10-35-10/,https://open.quiltdata.com/b/aind-open-data/tree/multiplane-ophys_843000_2026-03-18_14-44-34_nwb_2026-04-21_00-28-17/
multiplane-ophys_843001_2026-03-18_11-39-01,843001,2026-03-18,Mesoscope,Sensorimotor,001768,sub-843001/sub-843001_ses-multiplane-ophys-843001-2026-03-18-11-39-01_ophys.nwb,https://dandiarchive.org/dandiset/001768/draft/files?location=sub-843001&page=1,https://open.quiltdata.com/b/aind-open-data/tree/multiplane-ophys_843001_2026-03-18_11-39-01/,,,https://open.quiltdata.com/b/aind-open-data/tree/multiplane-ophys_843001_2026-03-18_11-39-01_processed_2026-04-03_01-22-10/,https://open.quiltdata.com/b/aind-open-data/tree/multiplane-ophys_843001_2026-03-18_11-39-01_processed_2026-03-19_06-48-38/,,,https://open.quiltdata.com/b/aind-open-data/tree/multiplane-ophys_843001_2026-03-18_11-39-01_processed_2026-03-19_12-26-00/,https://open.quiltdata.com/b/aind-open-data/tree/multiplane-ophys_843001_2026-03-18_11-39-01_nwb_2026-04-21_00-25-24/
multiplane-ophys_839909_2026-03-19_12-45-42,839909,2026-03-19,Mesoscope,Sequence,001768,sub-839909/sub-839909_ses-multiplane-ophys-839909-2026-03-19-12-45-42_ophys.nwb,https://dandiarchive.org/dandiset/001768/draft/files?location=sub-839909&page=1,https://open.quiltdata.com/b/aind-open-data/tree/multiplane-ophys_839909_2026-03-19_12-45-42/,,,https://open.quiltdata.com/b/aind-open-data/tree/multiplane-ophys_839909_2026-03-19_12-45-42_processed_2026-03-20_05-09-13/,https://open.quiltdata.com/b/aind-open-data/tree/multiplane-ophys_839909_2026-03-19_12-45-42_processed_2026-03-20_04-51-15/,,,https://open.quiltdata.com/b/aind-open-data/tree/multiplane-ophys_839909_2026-03-19_12-45-42_processed_2026-03-20_10-28-17/,https://open.quiltdata.com/b/aind-open-data/tree/multiplane-ophys_839909_2026-03-19_12-45-42_nwb_2026-04-21_01-18-39/
multiplane-ophys_843000_2026-03-19_15-05-20,843000,2026-03-19,Mesoscope,Sensorimotor,001768,sub-843000/sub-843000_ses-multiplane-ophys-843000-2026-03-19-15-05-20_ophys.nwb,https://dandiarchive.org/dandiset/001768/draft/files?location=sub-843000&page=1,https://open.quiltdata.com/b/aind-open-data/tree/multiplane-ophys_843000_2026-03-19_15-05-20/,,,https://open.quiltdata.com/b/aind-open-data/tree/multiplane-ophys_843000_2026-03-19_15-05-20_processed_2026-03-20_05-59-38/,https://open.quiltdata.com/b/aind-open-data/tree/multiplane-ophys_843000_2026-03-19_15-05-20_processed_2026-03-20_05-46-15/,,,https://open.quiltdata.com/b/aind-open-data/tree/multiplane-ophys_843000_2026-03-19_15-05-20_processed_2026-03-20_10-59-14/,https://open.quiltdata.com/b/aind-open-data/tree/multiplane-ophys_843000_2026-03-19_15-05-20_nwb_2026-04-21_00-38-13/
multiplane-ophys_843001_2026-03-19_13-01-20,843001,2026-03-19,Mesoscope,Standard oddball,001768,sub-843001/sub-843001_ses-multiplane-ophys-843001-2026-03-19-13-01-20_ophys.nwb,https://dandiarchive.org/dandiset/001768/draft/files?location=sub-843001&page=1,https://open.quiltdata.com/b/aind-open-data/tree/multiplane-ophys_843001_2026-03-19_13-01-20/,,,https://open.quiltdata.com/b/codeocean-s3datasetsbucket-1u41qdg42ur9/tree/e4d1d6ce-7879-44f5-9850-aa844393f967/,https://open.quiltdata.com/b/aind-open-data/tree/multiplane-ophys_843001_2026-03-19_13-01-20_processed_2026-03-20_06-47-32/,,,https://open.quiltdata.com/b/aind-open-data/tree/multiplane-ophys_843001_2026-03-19_13-01-20_processed_2026-03-20_11-55-23/,https://open.quiltdata.com/b/aind-open-data/tree/multiplane-ophys_843001_2026-03-19_13-01-20_nwb_2026-04-21_01-16-12/
multiplane-ophys_839909_2026-03-20_12-32-09,839909,2026-03-20,Mesoscope,Duration,001768,sub-839909/sub-839909_ses-multiplane-ophys-839909-2026-03-20-12-32-09_ophys.nwb,https://dandiarchive.org/dandiset/001768/draft/files?location=sub-839909&page=1,https://open.quiltdata.com/b/aind-open-data/tree/multiplane-ophys_839909_2026-03-20_12-32-09/,,,https://open.quiltdata.com/b/aind-open-data/tree/multiplane-ophys_839909_2026-03-20_12-32-09_processed_2026-04-03_01-35-09/,https://open.quiltdata.com/b/aind-open-data/tree/multiplane-ophys_839909_2026-03-20_12-32-09_processed_2026-03-21_05-13-29/,,,https://open.quiltdata.com/b/aind-open-data/tree/multiplane-ophys_839909_2026-03-20_12-32-09_processed_2026-03-21_10-28-45/,https://open.quiltdata.com/b/aind-open-data/tree/multiplane-ophys_839909_2026-03-20_12-32-09_nwb_2026-04-21_01-17-16/
multiplane-ophys_843000_2026-03-20_14-41-02,843000,2026-03-20,Mesoscope,Sensorimotor,001768,sub-843000/sub-843000_ses-multiplane-ophys-843000-2026-03-20-14-41-02_ophys.nwb,https://dandiarchive.org/dandiset/001768/draft/files?location=sub-843000&page=1,https://open.quiltdata.com/b/aind-open-data/tree/multiplane-ophys_843000_2026-03-20_14-41-02/,,,https://open.quiltdata.com/b/aind-open-data/tree/multiplane-ophys_843000_2026-03-20_14-41-02_processed_2026-04-03_01-27-48/,https://open.quiltdata.com/b/aind-open-data/tree/multiplane-ophys_843000_2026-03-20_14-41-02_processed_2026-03-21_07-08-34/,,,https://open.quiltdata.com/b/aind-open-data/tree/multiplane-ophys_843000_2026-03-20_14-41-02_processed_2026-03-21_12-14-42/,https://open.quiltdata.com/b/aind-open-data/tree/multiplane-ophys_843000_2026-03-20_14-41-02_nwb_2026-04-20_23-45-55/
multiplane-ophys_843001_2026-03-21_11-43-22,843001,2026-03-21,Mesoscope,Standard oddball,001768,sub-843001/sub-843001_ses-multiplane-ophys-843001-2026-03-21-11-43-22_ophys.nwb,https://dandiarchive.org/dandiset/001768/draft/files?location=sub-843001&page=1,https://open.quiltdata.com/b/aind-open-data/tree/multiplane-ophys_843001_2026-03-21_11-43-22/,,,https://open.quiltdata.com/b/aind-open-data/tree/multiplane-ophys_843001_2026-03-21_11-43-22_processed_2026-03-22_06-03-56/,https://open.quiltdata.com/b/aind-open-data/tree/multiplane-ophys_843001_2026-03-21_11-43-22_processed_2026-03-22_05-50-05/,,,https://open.quiltdata.com/b/aind-open-data/tree/multiplane-ophys_843001_2026-03-21_11-43-22_processed_2026-03-22_10-58-22/,https://open.quiltdata.com/b/aind-open-data/tree/multiplane-ophys_843001_2026-03-21_11-43-22_nwb_2026-04-21_00-39-08/
multiplane-ophys_843001_2026-03-25_12-01-30,843001,2026-03-25,Mesoscope,Standard oddball,001768,sub-843001/sub-843001_ses-multiplane-ophys-843001-2026-03-25-12-01-30_ophys.nwb,https://dandiarchive.org/dandiset/001768/draft/files?location=sub-843001&page=1,https://open.quiltdata.com/b/aind-open-data/tree/multiplane-ophys_843001_2026-03-25_12-01-30/,,,https://open.quiltdata.com/b/aind-open-data/tree/multiplane-ophys_843001_2026-03-25_12-01-30_processed_2026-04-15_23-20-46/,https://open.quiltdata.com/b/aind-open-data/tree/multiplane-ophys_843001_2026-03-25_12-01-30_processed_2026-03-26_04-45-39/,,,https://open.quiltdata.com/b/aind-open-data/tree/multiplane-ophys_843001_2026-03-25_12-01-30_processed_2026-08-07_05-21-17/,https://open.quiltdata.com/b/aind-open-data/tree/multiplane-ophys_843001_2026-03-25_12-01-30_nwb_2026-08-08_03-02-01/
multiplane-ophys_845342_2026-03-25_14-20-33,845342,2026-03-25,Mesoscope,Sensorimotor,001768,sub-845342/sub-845342_ses-multiplane-ophys-845342-2026-03-25-14-20-33_ophys.nwb,https://dandiarchive.org/dandiset/001768/draft/files?location=sub-845342&page=1,https://open.quiltdata.com/b/aind-open-data/tree/multiplane-ophys_845342_2026-03-25_14-20-33/,,,https://open.quiltdata.com/b/aind-open-data/tree/multiplane-ophys_845342_2026-03-25_14-20-33_processed_2026-03-26_07-08-57/,https://open.quiltdata.com/b/aind-open-data/tree/multiplane-ophys_845342_2026-03-25_14-20-33_processed_2026-03-26_06-45-16/,,,https://open.quiltdata.com/b/aind-open-data/tree/multiplane-ophys_845342_2026-03-25_14-20-33_processed_2026-03-26_11-43-27/,https://open.quiltdata.com/b/aind-open-data/tree/multiplane-ophys_845342_2026-03-25_14-20-33_nwb_2026-04-21_01-14-26/
multiplane-ophys_845342_2026-03-26_13-33-27,845342,2026-03-26,Mesoscope,Sensorimotor,001768,sub-845342/sub-845342_ses-multiplane-ophys-845342-2026-03-26-13-33-27_ophys.nwb,https://dandiarchive.org/dandiset/001768/draft/files?location=sub-845342&page=1,https://open.quiltdata.com/b/aind-open-data/tree/multiplane-ophys_845342_2026-03-26_13-33-27/,,,https://open.quiltdata.com/b/aind-open-data/tree/multiplane-ophys_845342_2026-03-26_13-33-27_processed_2026-04-03_01-22-49/,https://open.quiltdata.com/b/aind-open-data/tree/multiplane-ophys_845342_2026-03-26_13-33-27_processed_2026-03-27_07-12-04/,,,https://open.quiltdata.com/b/aind-open-data/tree/multiplane-ophys_845342_2026-03-26_13-33-27_processed_2026-03-27_22-08-18/,https://open.quiltdata.com/b/aind-open-data/tree/multiplane-ophys_845342_2026-03-26_13-33-27_nwb_2026-04-21_00-29-58/
multiplane-ophys_845342_2026-03-27_14-07-55,845342,2026-03-27,Mesoscope,Standard oddball,001768,sub-845342/sub-845342_ses-multiplane-ophys-845342-2026-03-27-14-07-55_ophys.nwb,https://dandiarchive.org/dandiset/001768/draft/files?location=sub-845342&page=1,https://open.quiltdata.com/b/aind-open-data/tree/multiplane-ophys_845342_2026-03-27_14-07-55/,,,https://open.quiltdata.com/b/aind-open-data/tree/multiplane-ophys_845342_2026-03-27_14-07-55_processed_2026-04-03_01-28-05/,https://open.quiltdata.com/b/aind-open-data/tree/multiplane-ophys_845342_2026-03-27_14-07-55_processed_2026-03-28_07-38-14/,,,https://open.quiltdata.com/b/aind-open-data/tree/multiplane-ophys_845342_2026-03-27_14-07-55_processed_2026-04-04_00-08-21/,https://open.quiltdata.com/b/aind-open-data/tree/multiplane-ophys_845342_2026-03-27_14-07-55_nwb_2026-04-21_00-27-45/
multiplane-ophys_845342_2026-03-30_09-58-06,845342,2026-03-30,Mesoscope,Standard oddball,001768,sub-845342/sub-845342_ses-multiplane-ophys-845342-2026-03-30-09-58-06_ophys.nwb,https://dandiarchive.org/dandiset/001768/draft/files?location=sub-845342&page=1,https://open.quiltdata.com/b/aind-open-data/tree/multiplane-ophys_845342_2026-03-30_09-58-06/,,,https://open.quiltdata.com/b/aind-open-data/tree/multiplane-ophys_845342_2026-03-30_09-58-06_processed_2026-04-03_02-12-45/,https://open.quiltdata.com/b/aind-open-data/tree/multiplane-ophys_845342_2026-03-30_09-58-06_processed_2026-03-31_16-21-26/,,,https://open.quiltdata.com/b/aind-open-data/tree/multiplane-ophys_845342_2026-03-30_09-58-06_processed_2026-03-31_22-18-18/,https://open.quiltdata.com/b/aind-open-data/tree/multiplane-ophys_845342_2026-03-30_09-58-06_nwb_2026-04-20_23-58-36/
multiplane-ophys_845342_2026-03-31_11-44-28,845342,2026-03-31,Mesoscope,Sequence,001768,sub-845342/sub-845342_ses-multiplane-ophys-845342-2026-03-31-11-44-28_ophys.nwb,https://dandiarchive.org/dandiset/001768/draft/files?location=sub-845342&page=1,https://open.quiltdata.com/b/aind-open-data/tree/multiplane-ophys_845342_2026-03-31_11-44-28/,,,https://open.quiltdata.com/b/aind-open-data/tree/multiplane-ophys_845342_2026-03-31_11-44-28_processed_2026-04-15_21-23-19/,https://open.quiltdata.com/b/aind-open-data/tree/multiplane-ophys_845342_2026-03-31_11-44-28_processed_2026-04-01_04-36-35/,,,https://open.quiltdata.com/b/aind-open-data/tree/multiplane-ophys_845342_2026-03-31_11-44-28_processed_2026-04-08_22-00-28/,https://open.quiltdata.com/b/aind-open-data/tree/multiplane-ophys_845342_2026-03-31_11-44-28_nwb_2026-07-08_08-55-35/
multiplane-ophys_843001_2026-04-01_11-53-58,843001,2026-04-01,Mesoscope,Sequence,001768,sub-843001/sub-843001_ses-multiplane-ophys-843001-2026-04-01-11-53-58_ophys.nwb,https://dandiarchive.org/dandiset/001768/draft/files?location=sub-843001&page=1,https://open.quiltdata.com/b/aind-open-data/tree/multiplane-ophys_843001_2026-04-01_11-53-58/,,,https://open.quiltdata.com/b/aind-open-data/tree/multiplane-ophys_843001_2026-04-01_11-53-58_processed_2026-04-02_16-40-59/,https://open.quiltdata.com/b/aind-open-data/tree/multiplane-ophys_843001_2026-04-01_11-53-58_processed_2026-04-02_16-32-07/,,,https://open.quiltdata.com/b/aind-open-data/tree/multiplane-ophys_843001_2026-04-01_11-53-58_processed_2026-04-08_23-31-00/,https://open.quiltdata.com/b/aind-open-data/tree/multiplane-ophys_843001_2026-04-01_11-53-58_nwb_2026-07-08_09-15-24/
multiplane-ophys_845342_2026-04-01_14-12-13,845342,2026-04-01,Mesoscope,Sequence,001768,sub-845342/sub-845342_ses-multiplane-ophys-845342-2026-04-01-14-12-13_ophys.nwb,https://dandiarchive.org/dandiset/001768/draft/files?location=sub-845342&page=1,https://open.quiltdata.com/b/aind-open-data/tree/multiplane-ophys_845342_2026-04-01_14-12-13/,,,https://open.quiltdata.com/b/aind-open-data/tree/multiplane-ophys_845342_2026-04-01_14-12-13_processed_2026-04-02_16-40-24/,https://open.quiltdata.com/b/aind-open-data/tree/multiplane-ophys_845342_2026-04-01_14-12-13_processed_2026-04-02_16-31-14/,,,https://open.quiltdata.com/b/aind-open-data/tree/multiplane-ophys_845342_2026-04-01_14-12-13_processed_2026-04-08_23-21-35/,https://open.quiltdata.com/b/aind-open-data/tree/multiplane-ophys_845342_2026-04-01_14-12-13_nwb_2026-07-08_08-53-52/
multiplane-ophys_843001_2026-04-02_12-08-20,843001,2026-04-02,Mesoscope,Sequence,001768,sub-843001/sub-843001_ses-multiplane-ophys-843001-2026-04-02-12-08-20_ophys.nwb,https://dandiarchive.org/dandiset/001768/draft/files?location=sub-843001&page=1,https://open.quiltdata.com/b/aind-open-data/tree/multiplane-ophys_843001_2026-04-02_12-08-20/,,,https://open.quiltdata.com/b/aind-open-data/tree/multiplane-ophys_843001_2026-04-02_12-08-20_processed_2026-04-03_04-48-07/,https://open.quiltdata.com/b/aind-open-data/tree/multiplane-ophys_843001_2026-04-02_12-08-20_processed_2026-04-03_04-29-25/,,,https://open.quiltdata.com/b/aind-open-data/tree/multiplane-ophys_843001_2026-04-02_12-08-20_processed_2026-04-03_09-54-04/,https://open.quiltdata.com/b/aind-open-data/tree/multiplane-ophys_843001_2026-04-02_12-08-20_nwb_2026-04-21_00-41-25/
multiplane-ophys_845342_2026-04-02_15-08-49,845342,2026-04-02,Mesoscope,Duration,001768,sub-845342/sub-845342_ses-multiplane-ophys-845342-2026-04-02-15-08-49_ophys.nwb,https://dandiarchive.org/dandiset/001768/draft/files?location=sub-845342&page=1,https://open.quiltdata.com/b/aind-open-data/tree/multiplane-ophys_845342_2026-04-02_15-08-49/,,,https://open.quiltdata.com/b/aind-open-data/tree/multiplane-ophys_845342_2026-04-02_15-08-49_processed_2026-04-03_06-16-59/,https://open.quiltdata.com/b/aind-open-data/tree/multiplane-ophys_845342_2026-04-02_15-08-49_processed_2026-04-03_05-58-57/,,,https://open.quiltdata.com/b/aind-open-data/tree/multiplane-ophys_845342_2026-04-02_15-08-49_processed_2026-08-11_22-10-13/,https://open.quiltdata.com/b/codeocean-s3datasetsbucket-1u41qdg42ur9/tree/68cb2292-cae6-40fc-a2fb-00ec61e0a9ed/
multiplane-ophys_843001_2026-04-03_11-46-14,843001,2026-04-03,Mesoscope,Duration,001768,sub-843001/sub-843001_ses-multiplane-ophys-843001-2026-04-03-11-46-14_ophys.nwb,https://dandiarchive.org/dandiset/001768/draft/files?location=sub-843001&page=1,https://open.quiltdata.com/b/aind-open-data/tree/multiplane-ophys_843001_2026-04-03_11-46-14/,,,https://open.quiltdata.com/b/aind-open-data/tree/multiplane-ophys_843001_2026-04-03_11-46-14_processed_2026-04-05_04-39-38/,https://open.quiltdata.com/b/aind-open-data/tree/multiplane-ophys_843001_2026-04-03_11-46-14_processed_2026-04-05_04-30-34/,,,https://open.quiltdata.com/b/aind-open-data/tree/multiplane-ophys_843001_2026-04-03_11-46-14_processed_2026-04-05_12-01-56/,https://open.quiltdata.com/b/aind-open-data/tree/multiplane-ophys_843001_2026-04-03_11-46-14_nwb_2026-04-20_22-59-44/
multiplane-ophys_845342_2026-04-03_13-57-42,845342,2026-04-03,Mesoscope,Duration,001768,sub-845342/sub-845342_ses-multiplane-ophys-845342-2026-04-03-13-57-42_ophys.nwb,https://dandiarchive.org/dandiset/001768/draft/files?location=sub-845342&page=1,https://open.quiltdata.com/b/aind-open-data/tree/multiplane-ophys_845342_2026-04-03_13-57-42/,,,https://open.quiltdata.com/b/aind-open-data/tree/multiplane-ophys_845342_2026-04-03_13-57-42_processed_2026-04-04_08-04-12/,https://open.quiltdata.com/b/aind-open-data/tree/multiplane-ophys_845342_2026-04-03_13-57-42_processed_2026-04-04_07-55-21/,,,https://open.quiltdata.com/b/aind-open-data/tree/multiplane-ophys_845342_2026-04-03_13-57-42_processed_2026-04-04_14-04-28/,https://open.quiltdata.com/b/aind-open-data/tree/multiplane-ophys_845342_2026-04-03_13-57-42_nwb_2026-07-08_08-36-14/
multiplane-ophys_843001_2026-04-09_12-14-56,843001,2026-04-09,Mesoscope,Duration,001768,sub-843001/sub-843001_ses-multiplane-ophys-843001-2026-04-09-12-14-56_ophys.nwb,https://dandiarchive.org/dandiset/001768/draft/files?location=sub-843001&page=1,https://open.quiltdata.com/b/aind-open-data/tree/multiplane-ophys_843001_2026-04-09_12-14-56/,,,https://open.quiltdata.com/b/aind-open-data/tree/multiplane-ophys_843001_2026-04-09_12-14-56_processed_2026-04-10_04-45-48/,https://open.quiltdata.com/b/aind-open-data/tree/multiplane-ophys_843001_2026-04-09_12-14-56_processed_2026-04-10_04-36-33/,,,https://open.quiltdata.com/b/aind-open-data/tree/multiplane-ophys_843001_2026-04-09_12-14-56_processed_2026-04-10_09-43-50/,https://open.quiltdata.com/b/aind-open-data/tree/multiplane-ophys_843001_2026-04-09_12-14-56_nwb_2026-07-08_08-12-01/
multiplane-ophys_846289_2026-04-10_14-12-11,846289,2026-04-10,Mesoscope,Sensorimotor,001768,sub-846289/sub-846289_ses-multiplane-ophys-846289-2026-04-10-14-12-11_ophys.nwb,https://dandiarchive.org/dandiset/001768/draft/files?location=sub-846289&page=1,https://open.quiltdata.com/b/aind-open-data/tree/multiplane-ophys_846289_2026-04-10_14-12-11/,,,https://open.quiltdata.com/b/aind-open-data/tree/multiplane-ophys_846289_2026-04-10_14-12-11_processed_2026-04-11_05-43-06/,https://open.quiltdata.com/b/aind-open-data/tree/multiplane-ophys_846289_2026-04-10_14-12-11_processed_2026-04-11_05-30-44/,,,https://open.quiltdata.com/b/aind-open-data/tree/multiplane-ophys_846289_2026-04-10_14-12-11_processed_2026-04-11_11-03-44/,https://open.quiltdata.com/b/aind-open-data/tree/multiplane-ophys_846289_2026-04-10_14-12-11_nwb_2026-07-08_08-38-46/
multiplane-ophys_843001_2026-04-11_13-05-48,843001,2026-04-11,Mesoscope,Standard oddball,001768,sub-843001/sub-843001_ses-multiplane-ophys-843001-2026-04-11-13-05-48_ophys.nwb,https://dandiarchive.org/dandiset/001768/draft/files?location=sub-843001&page=1,https://open.quiltdata.com/b/aind-open-data/tree/multiplane-ophys_843001_2026-04-11_13-05-48/,,,https://open.quiltdata.com/b/aind-open-data/tree/multiplane-ophys_843001_2026-04-11_13-05-48_processed_2026-04-12_05-45-21/,https://open.quiltdata.com/b/aind-open-data/tree/multiplane-ophys_843001_2026-04-11_13-05-48_processed_2026-04-12_05-32-56/,,,https://open.quiltdata.com/b/aind-open-data/tree/multiplane-ophys_843001_2026-04-11_13-05-48_processed_2026-04-12_10-28-42/,https://open.quiltdata.com/b/aind-open-data/tree/multiplane-ophys_843001_2026-04-11_13-05-48_nwb_2026-07-08_08-21-48/
multiplane-ophys_846289_2026-04-13_11-49-19,846289,2026-04-13,Mesoscope,Sensorimotor,001768,sub-846289/sub-846289_ses-multiplane-ophys-846289-2026-04-13-11-49-19_ophys.nwb,https://dandiarchive.org/dandiset/001768/draft/files?location=sub-846289&page=1,https://open.quiltdata.com/b/aind-open-data/tree/multiplane-ophys_846289_2026-04-13_11-49-19/,,,https://open.quiltdata.com/b/aind-open-data/tree/multiplane-ophys_846289_2026-04-13_11-49-19_processed_2026-04-14_04-37-43/,https://open.quiltdata.com/b/aind-open-data/tree/multiplane-ophys_846289_2026-04-13_11-49-19_processed_2026-04-14_04-28-16/,,,https://open.quiltdata.com/b/aind-open-data/tree/multiplane-ophys_846289_2026-04-13_11-49-19_processed_2026-04-14_09-14-44/,https://open.quiltdata.com/b/aind-open-data/tree/multiplane-ophys_846289_2026-04-13_11-49-19_nwb_2026-07-08_08-42-19/
multiplane-ophys_846289_2026-04-15_13-55-19,846289,2026-04-15,Mesoscope,Standard oddball,001768,sub-846289/sub-846289_ses-multiplane-ophys-846289-2026-04-15-13-55-19_ophys.nwb,https://dandiarchive.org/dandiset/001768/draft/files?location=sub-846289&page=1,https://open.quiltdata.com/b/aind-open-data/tree/multiplane-ophys_846289_2026-04-15_13-55-19/,,,https://open.quiltdata.com/b/aind-open-data/tree/multiplane-ophys_846289_2026-04-15_13-55-19_processed_2026-04-16_04-47-03/,https://open.quiltdata.com/b/aind-open-data/tree/multiplane-ophys_846289_2026-04-15_13-55-19_processed_2026-04-16_04-37-16/,,,https://open.quiltdata.com/b/aind-open-data/tree/multiplane-ophys_846289_2026-04-15_13-55-19_processed_2026-04-16_09-36-05/,https://open.quiltdata.com/b/aind-open-data/tree/multiplane-ophys_846289_2026-04-15_13-55-19_nwb_2026-07-08_08-40-53/
multiplane-ophys_843001_2026-04-16_09-36-51,843001,2026-04-16,Mesoscope,Sensorimotor,001768,sub-843001/sub-843001_ses-multiplane-ophys-843001-2026-04-16-09-36-51_ophys.nwb,https://dandiarchive.org/dandiset/001768/draft/files?location=sub-843001&page=1,https://open.quiltdata.com/b/aind-open-data/tree/multiplane-ophys_843001_2026-04-16_09-36-51/,,,https://open.quiltdata.com/b/codeocean-s3datasetsbucket-1u41qdg42ur9/tree/e4d1d6ce-7879-44f5-9850-aa844393f967/,https://open.quiltdata.com/b/aind-open-data/tree/multiplane-ophys_843001_2026-04-16_09-36-51_processed_2026-04-17_06-03-35/,,,https://open.quiltdata.com/b/aind-open-data/tree/multiplane-ophys_843001_2026-04-16_09-36-51_processed_2026-04-17_11-00-14/,https://open.quiltdata.com/b/aind-open-data/tree/multiplane-ophys_843001_2026-04-16_09-36-51_nwb_2026-07-08_08-35-05/
multiplane-ophys_846289_2026-04-16_13-56-40,846289,2026-04-16,Mesoscope,Standard oddball,001768,sub-846289/sub-846289_ses-multiplane-ophys-846289-2026-04-16-13-56-40_ophys.nwb,https://dandiarchive.org/dandiset/001768/draft/files?location=sub-846289&page=1,https://open.quiltdata.com/b/aind-open-data/tree/multiplane-ophys_846289_2026-04-16_13-56-40/,,,https://open.quiltdata.com/b/aind-open-data/tree/multiplane-ophys_846289_2026-04-16_13-56-40_processed_2026-04-17_06-56-38/,https://open.quiltdata.com/b/aind-open-data/tree/multiplane-ophys_846289_2026-04-16_13-56-40_processed_2026-04-17_06-48-02/,,,https://open.quiltdata.com/b/aind-open-data/tree/multiplane-ophys_846289_2026-04-16_13-56-40_processed_2026-04-17_12-49-58/,https://open.quiltdata.com/b/aind-open-data/tree/multiplane-ophys_846289_2026-04-16_13-56-40_nwb_2026-07-08_08-41-53/
multiplane-ophys_842971_2026-04-18_10-13-51,842971,2026-04-18,Mesoscope,Sequence,001768,sub-842971/sub-842971_ses-multiplane-ophys-842971-2026-04-18-10-13-51_ophys.nwb,https://dandiarchive.org/dandiset/001768/draft/files?location=sub-842971&page=1,https://open.quiltdata.com/b/aind-open-data/tree/multiplane-ophys_842971_2026-04-18_10-13-51/,,,https://open.quiltdata.com/b/aind-open-data/tree/multiplane-ophys_842971_2026-04-18_10-13-51_processed_2026-04-28_06-02-17/,https://open.quiltdata.com/b/aind-open-data/tree/multiplane-ophys_842971_2026-04-18_10-13-51_processed_2026-04-28_05-52-33/,,,https://open.quiltdata.com/b/aind-open-data/tree/multiplane-ophys_842971_2026-04-18_10-13-51_processed_2026-04-28_10-43-12/,https://open.quiltdata.com/b/aind-open-data/tree/multiplane-ophys_842971_2026-04-18_10-13-51_nwb_2026-07-08_09-15-33/
multiplane-ophys_846289_2026-04-20_11-49-37,846289,2026-04-20,Mesoscope,Sequence,001768,sub-846289/sub-846289_ses-multiplane-ophys-846289-2026-04-20-11-49-37_ophys.nwb,https://dandiarchive.org/dandiset/001768/draft/files?location=sub-846289&page=1,https://open.quiltdata.com/b/aind-open-data/tree/multiplane-ophys_846289_2026-04-20_11-49-37/,,,https://open.quiltdata.com/b/aind-open-data/tree/multiplane-ophys_846289_2026-04-20_11-49-37_processed_2026-04-22_04-23-50/,https://open.quiltdata.com/b/aind-open-data/tree/multiplane-ophys_846289_2026-04-20_11-49-37_processed_2026-04-22_04-14-15/,,,https://open.quiltdata.com/b/aind-open-data/tree/multiplane-ophys_846289_2026-04-20_11-49-37_processed_2026-04-22_09-22-33/,https://open.quiltdata.com/b/aind-open-data/tree/multiplane-ophys_846289_2026-04-20_11-49-37_nwb_2026-07-08_08-55-48/
multiplane-ophys_846289_2026-04-21_10-51-37,846289,2026-04-21,Mesoscope,Sequence,001768,sub-846289/sub-846289_ses-multiplane-ophys-846289-2026-04-21-10-51-37_ophys.nwb,https://dandiarchive.org/dandiset/001768/draft/files?location=sub-846289&page=1,https://open.quiltdata.com/b/aind-open-data/tree/multiplane-ophys_846289_2026-04-21_10-51-37/,,,https://open.quiltdata.com/b/aind-open-data/tree/multiplane-ophys_846289_2026-04-21_10-51-37_processed_2026-04-22_05-29-11/,https://open.quiltdata.com/b/aind-open-data/tree/multiplane-ophys_846289_2026-04-21_10-51-37_processed_2026-04-22_05-19-27/,,,https://open.quiltdata.com/b/aind-open-data/tree/multiplane-ophys_846289_2026-04-21_10-51-37_processed_2026-04-22_10-14-18/,https://open.quiltdata.com/b/aind-open-data/tree/multiplane-ophys_846289_2026-04-21_10-51-37_nwb_2026-07-08_08-42-11/
multiplane-ophys_839909_2026-04-22_14-40-04,839909,2026-04-22,Mesoscope,Duration,001768,sub-839909/sub-839909_ses-multiplane-ophys-839909-2026-04-22-14-40-04_ophys.nwb,https://dandiarchive.org/dandiset/001768/draft/files?location=sub-839909&page=1,https://open.quiltdata.com/b/aind-open-data/tree/multiplane-ophys_839909_2026-04-22_14-40-04/,,,https://open.quiltdata.com/b/aind-open-data/tree/multiplane-ophys_839909_2026-04-22_14-40-04_processed_2026-04-23_06-43-53/,https://open.quiltdata.com/b/aind-open-data/tree/multiplane-ophys_839909_2026-04-22_14-40-04_processed_2026-04-23_06-34-42/,,,https://open.quiltdata.com/b/aind-open-data/tree/multiplane-ophys_839909_2026-04-22_14-40-04_processed_2026-04-23_11-12-47/,https://open.quiltdata.com/b/aind-open-data/tree/multiplane-ophys_839909_2026-04-22_14-40-04_nwb_2026-07-08_08-44-20/
multiplane-ophys_842971_2026-04-22_09-59-38,842971,2026-04-22,Mesoscope,Sequence,001768,sub-842971/sub-842971_ses-multiplane-ophys-842971-2026-04-22-09-59-38_ophys.nwb,https://dandiarchive.org/dandiset/001768/draft/files?location=sub-842971&page=1,https://open.quiltdata.com/b/aind-open-data/tree/multiplane-ophys_842971_2026-04-22_09-59-38/,,,https://open.quiltdata.com/b/aind-open-data/tree/multiplane-ophys_842971_2026-04-22_09-59-38_processed_2026-04-24_07-04-43/,https://open.quiltdata.com/b/aind-open-data/tree/multiplane-ophys_842971_2026-04-22_09-59-38_processed_2026-04-24_06-53-42/,,,https://open.quiltdata.com/b/aind-open-data/tree/multiplane-ophys_842971_2026-04-22_09-59-38_processed_2026-04-24_12-34-06/,https://open.quiltdata.com/b/aind-open-data/tree/multiplane-ophys_842971_2026-04-22_09-59-38_nwb_2026-07-08_09-15-39/
multiplane-ophys_842971_2026-04-23_09-36-55,842971,2026-04-23,Mesoscope,Duration,001768,sub-842971/sub-842971_ses-multiplane-ophys-842971-2026-04-23-09-36-55_ophys.nwb,https://dandiarchive.org/dandiset/001768/draft/files?location=sub-842971&page=1,https://open.quiltdata.com/b/aind-open-data/tree/multiplane-ophys_842971_2026-04-23_09-36-55/,,,https://open.quiltdata.com/b/aind-open-data/tree/multiplane-ophys_842971_2026-04-23_09-36-55_processed_2026-04-25_07-26-59/,https://open.quiltdata.com/b/aind-open-data/tree/multiplane-ophys_842971_2026-04-23_09-36-55_processed_2026-04-25_07-13-51/,,,https://open.quiltdata.com/b/aind-open-data/tree/multiplane-ophys_842971_2026-04-23_09-36-55_processed_2026-04-25_13-00-55/,https://open.quiltdata.com/b/aind-open-data/tree/multiplane-ophys_842971_2026-04-23_09-36-55_nwb_2026-07-08_07-40-37/
multiplane-ophys_846289_2026-04-23_14-15-03,846289,2026-04-23,Mesoscope,Duration,001768,sub-846289/sub-846289_ses-multiplane-ophys-846289-2026-04-23-14-15-03_ophys.nwb,https://dandiarchive.org/dandiset/001768/draft/files?location=sub-846289&page=1,https://open.quiltdata.com/b/aind-open-data/tree/multiplane-ophys_846289_2026-04-23_14-15-03/,,,https://open.quiltdata.com/b/aind-open-data/tree/multiplane-ophys_846289_2026-04-23_14-15-03_processed_2026-04-24_06-10-11/,https://open.quiltdata.com/b/aind-open-data/tree/multiplane-ophys_846289_2026-04-23_14-15-03_processed_2026-04-24_05-47-25/,,,https://open.quiltdata.com/b/aind-open-data/tree/multiplane-ophys_846289_2026-04-23_14-15-03_processed_2026-04-24_10-20-16/,https://open.quiltdata.com/b/aind-open-data/tree/multiplane-ophys_846289_2026-04-23_14-15-03_nwb_2026-07-08_08-41-43/
multiplane-ophys_842971_2026-04-24_10-05-17,842971,2026-04-24,Mesoscope,Duration,001768,sub-842971/sub-842971_ses-multiplane-ophys-842971-2026-04-24-10-05-17_ophys.nwb,https://dandiarchive.org/dandiset/001768/draft/files?location=sub-842971&page=1,https://open.quiltdata.com/b/aind-open-data/tree/multiplane-ophys_842971_2026-04-24_10-05-17/,,,https://open.quiltdata.com/b/aind-open-data/tree/multiplane-ophys_842971_2026-04-24_10-05-17_processed_2026-04-27_04-36-13/,https://open.quiltdata.com/b/aind-open-data/tree/multiplane-ophys_842971_2026-04-24_10-05-17_processed_2026-04-27_04-25-58/,,,https://open.quiltdata.com/b/aind-open-data/tree/multiplane-ophys_842971_2026-04-24_10-05-17_processed_2026-04-27_09-00-09/,https://open.quiltdata.com/b/aind-open-data/tree/multiplane-ophys_842971_2026-04-24_10-05-17_nwb_2026-07-08_08-41-39/
multiplane-ophys_846289_2026-04-27_09-47-06,846289,2026-04-27,Mesoscope,Duration,001768,sub-846289/sub-846289_ses-multiplane-ophys-846289-2026-04-27-09-47-06_ophys.nwb,https://dandiarchive.org/dandiset/001768/draft/files?location=sub-846289&page=1,https://open.quiltdata.com/b/aind-open-data/tree/multiplane-ophys_846289_2026-04-27_09-47-06/,,,https://open.quiltdata.com/b/aind-open-data/tree/multiplane-ophys_846289_2026-04-27_09-47-06_processed_2026-04-28_05-46-43/,https://open.quiltdata.com/b/aind-open-data/tree/multiplane-ophys_846289_2026-04-27_09-47-06_processed_2026-04-28_05-36-21/,,,https://open.quiltdata.com/b/aind-open-data/tree/multiplane-ophys_846289_2026-04-27_09-47-06_processed_2026-04-28_09-44-41/,https://open.quiltdata.com/b/aind-open-data/tree/multiplane-ophys_846289_2026-04-27_09-47-06_nwb_2026-07-08_06-36-50/
multiplane-ophys_842971_2026-04-29_09-39-57,842971,2026-04-29,Mesoscope,Standard oddball,001768,sub-842971/sub-842971_ses-multiplane-ophys-842971-2026-04-29-09-39-57_ophys.nwb,https://dandiarchive.org/dandiset/001768/draft/files?location=sub-842971&page=1,https://open.quiltdata.com/b/aind-open-data/tree/multiplane-ophys_842971_2026-04-29_09-39-57/,,,https://open.quiltdata.com/b/aind-open-data/tree/multiplane-ophys_842971_2026-04-29_09-39-57_processed_2026-04-30_07-34-05/,https://open.quiltdata.com/b/aind-open-data/tree/multiplane-ophys_842971_2026-04-29_09-39-57_processed_2026-04-30_07-17-52/,,,https://open.quiltdata.com/b/codeocean-s3datasetsbucket-1u41qdg42ur9/tree/94490ab1-d076-454a-997a-73db7f01eec7/,
multiplane-ophys_842971_2026-05-06_09-36-56,842971,2026-05-06,Mesoscope,Standard oddball,001768,sub-842971/sub-842971_ses-multiplane-ophys-842971-2026-05-06-09-36-56_ophys.nwb,https://dandiarchive.org/dandiset/001768/draft/files?location=sub-842971&page=1,https://open.quiltdata.com/b/aind-open-data/tree/multiplane-ophys_842971_2026-05-06_09-36-56/,,,https://open.quiltdata.com/b/aind-open-data/tree/multiplane-ophys_842971_2026-05-06_09-36-56_processed_2026-05-06_23-10-24/,https://open.quiltdata.com/b/aind-open-data/tree/multiplane-ophys_842971_2026-05-06_09-36-56_processed_2026-05-06_22-56-14/,,,https://open.quiltdata.com/b/aind-open-data/tree/multiplane-ophys_842971_2026-05-06_09-36-56_processed_2026-05-07_17-40-25/,https://open.quiltdata.com/b/aind-open-data/tree/multiplane-ophys_842971_2026-05-06_09-36-56_nwb_2026-08-08_02-41-21/
multiplane-ophys_842971_2026-05-07_09-22-13,842971,2026-05-07,Mesoscope,Sensorimotor,001768,sub-842971/sub-842971_ses-multiplane-ophys-842971-2026-05-07-09-22-13_ophys.nwb,https://dandiarchive.org/dandiset/001768/draft/files?location=sub-842971&page=1,https://open.quiltdata.com/b/aind-open-data/tree/multiplane-ophys_842971_2026-05-07_09-22-13/,,,https://open.quiltdata.com/b/aind-open-data/tree/multiplane-ophys_842971_2026-05-07_09-22-13_processed_2026-05-08_17-56-37/,https://open.quiltdata.com/b/aind-open-data/tree/multiplane-ophys_842971_2026-05-07_09-22-13_processed_2026-05-08_17-39-31/,,,https://open.quiltdata.com/b/aind-open-data/tree/multiplane-ophys_842971_2026-05-07_09-22-13_processed_2026-05-08_23-07-32/,https://open.quiltdata.com/b/aind-open-data/tree/multiplane-ophys_842971_2026-05-07_09-22-13_nwb_2026-08-08_03-00-01/
multiplane-ophys_842971_2026-05-08_09-32-15,842971,2026-05-08,Mesoscope,Sensorimotor,001768,sub-842971/sub-842971_ses-multiplane-ophys-842971-2026-05-08-09-32-15_ophys.nwb,https://dandiarchive.org/dandiset/001768/draft/files?location=sub-842971&page=1,https://open.quiltdata.com/b/aind-open-data/tree/multiplane-ophys_842971_2026-05-08_09-32-15/,,,https://open.quiltdata.com/b/aind-open-data/tree/multiplane-ophys_842971_2026-05-08_09-32-15_processed_2026-05-10_20-44-54/,https://open.quiltdata.com/b/aind-open-data/tree/multiplane-ophys_842971_2026-05-08_09-32-15_processed_2026-05-10_20-31-43/,,,https://open.quiltdata.com/b/aind-open-data/tree/multiplane-ophys_842971_2026-05-08_09-32-15_processed_2026-05-11_01-25-30/,https://open.quiltdata.com/b/aind-open-data/tree/multiplane-ophys_842971_2026-05-08_09-32-15_nwb_2026-08-08_03-02-39/
multiplane-ophys_850399_2026-05-20_09-37-10,850399,2026-05-20,Mesoscope,Sequence,001768,sub-850399/sub-850399_ses-multiplane-ophys-850399-2026-05-20-09-37-10_ophys.nwb,https://dandiarchive.org/dandiset/001768/draft/files?location=sub-850399&page=1,https://open.quiltdata.com/b/aind-open-data/tree/multiplane-ophys_850399_2026-05-20_09-37-10/,,,https://open.quiltdata.com/b/aind-open-data/tree/multiplane-ophys_850399_2026-05-20_09-37-10_processed_2026-05-20_20-38-29/,https://open.quiltdata.com/b/aind-open-data/tree/multiplane-ophys_850399_2026-05-20_09-37-10_processed_2026-05-20_20-28-02/,,,https://open.quiltdata.com/b/aind-open-data/tree/multiplane-ophys_850399_2026-05-20_09-37-10_processed_2026-05-21_01-32-48/,https://open.quiltdata.com/b/aind-open-data/tree/multiplane-ophys_850399_2026-05-20_09-37-10_nwb_2026-08-08_02-48-13/
multiplane-ophys_850399_2026-05-21_09-39-31,850399,2026-05-21,Mesoscope,Sequence,001768,sub-850399/sub-850399_ses-multiplane-ophys-850399-2026-05-21-09-39-31_ophys.nwb,https://dandiarchive.org/dandiset/001768/draft/files?location=sub-850399&page=1,https://open.quiltdata.com/b/aind-open-data/tree/multiplane-ophys_850399_2026-05-21_09-39-31/,,,https://open.quiltdata.com/b/aind-open-data/tree/multiplane-ophys_850399_2026-05-21_09-39-31_processed_2026-05-21_19-50-03/,https://open.quiltdata.com/b/aind-open-data/tree/multiplane-ophys_850399_2026-05-21_09-39-31_processed_2026-05-21_19-40-23/,,,https://open.quiltdata.com/b/aind-open-data/tree/multiplane-ophys_850399_2026-05-21_09-39-31_processed_2026-05-22_02-40-06/,https://open.quiltdata.com/b/aind-open-data/tree/multiplane-ophys_850399_2026-05-21_09-39-31_nwb_2026-08-08_03-05-03/
multiplane-ophys_850399_2026-05-27_13-34-48,850399,2026-05-27,Mesoscope,Duration,001768,sub-850399/sub-850399_ses-multiplane-ophys-850399-2026-05-27-13-34-48_ophys.nwb,https://dandiarchive.org/dandiset/001768/draft/files?location=sub-850399&page=1,https://open.quiltdata.com/b/aind-open-data/tree/multiplane-ophys_850399_2026-05-27_13-34-48/,,,https://open.quiltdata.com/b/aind-open-data/tree/multiplane-ophys_850399_2026-05-27_13-34-48_processed_2026-05-28_15-47-35/,https://open.quiltdata.com/b/aind-open-data/tree/multiplane-ophys_850399_2026-05-27_13-34-48_processed_2026-05-28_15-38-21/,,,https://open.quiltdata.com/b/aind-open-data/tree/multiplane-ophys_850399_2026-05-27_13-34-48_processed_2026-08-07_12-50-05/,https://open.quiltdata.com/b/aind-open-data/tree/multiplane-ophys_850399_2026-05-27_13-34-48_nwb_2026-08-11_03-25-44/
multiplane-ophys_850399_2026-05-28_09-55-47,850399,2026-05-28,Mesoscope,Duration,001768,sub-850399/sub-850399_ses-multiplane-ophys-850399-2026-05-28-09-55-47_ophys.nwb,https://dandiarchive.org/dandiset/001768/draft/files?location=sub-850399&page=1,https://open.quiltdata.com/b/aind-open-data/tree/multiplane-ophys_850399_2026-05-28_09-55-47/,,,https://open.quiltdata.com/b/aind-open-data/tree/multiplane-ophys_850399_2026-05-28_09-55-47_processed_2026-05-29_00-04-26/,https://open.quiltdata.com/b/aind-open-data/tree/multiplane-ophys_850399_2026-05-28_09-55-47_processed_2026-05-28_23-50-44/,,,https://open.quiltdata.com/b/aind-open-data/tree/multiplane-ophys_850399_2026-05-28_09-55-47_processed_2026-05-29_05-36-43/,
multiplane-ophys_850399_2026-05-29_10-06-36,850399,2026-05-29,Mesoscope,Standard oddball,001768,sub-850399/sub-850399_ses-multiplane-ophys-850399-2026-05-29-10-06-36_ophys.nwb,https://dandiarchive.org/dandiset/001768/draft/files?location=sub-850399&page=1,https://open.quiltdata.com/b/aind-open-data/tree/multiplane-ophys_850399_2026-05-29_10-06-36/,,,https://open.quiltdata.com/b/aind-open-data/tree/multiplane-ophys_850399_2026-05-29_10-06-36_processed_2026-05-29_20-17-32/,https://open.quiltdata.com/b/aind-open-data/tree/multiplane-ophys_850399_2026-05-29_10-06-36_processed_2026-05-29_20-07-33/,,,https://open.quiltdata.com/b/aind-open-data/tree/multiplane-ophys_850399_2026-05-29_10-06-36_processed_2026-05-30_00-43-12/,https://open.quiltdata.com/b/aind-open-data/tree/multiplane-ophys_850399_2026-05-29_10-06-36_nwb_2026-08-08_02-59-18/
multiplane-ophys_850399_2026-06-02_10-59-46,850399,2026-06-02,Mesoscope,Sensorimotor,001768,sub-850399/sub-850399_ses-multiplane-ophys-850399-2026-06-02-10-59-46_ophys.nwb,https://dandiarchive.org/dandiset/001768/draft/files?location=sub-850399&page=1,https://open.quiltdata.com/b/aind-open-data/tree/multiplane-ophys_850399_2026-06-02_10-59-46/,,,https://open.quiltdata.com/b/aind-open-data/tree/multiplane-ophys_850399_2026-06-02_10-59-46_processed_2026-06-04_05-17-03/,https://open.quiltdata.com/b/aind-open-data/tree/multiplane-ophys_850399_2026-06-02_10-59-46_processed_2026-06-23_16-48-56/,,,https://open.quiltdata.com/b/aind-open-data/tree/multiplane-ophys_850399_2026-06-02_10-59-46_processed_2026-08-07_15-03-10/,
multiplane-ophys_850399_2026-06-03_09-59-04,850399,2026-06-03,Mesoscope,Sensorimotor,001768,sub-850399/sub-850399_ses-multiplane-ophys-850399-2026-06-03-09-59-04_ophys.nwb,https://dandiarchive.org/dandiset/001768/draft/files?location=sub-850399&page=1,https://open.quiltdata.com/b/aind-open-data/tree/multiplane-ophys_850399_2026-06-03_09-59-04/,,,https://open.quiltdata.com/b/aind-open-data/tree/multiplane-ophys_850399_2026-06-03_09-59-04_processed_2026-06-04_15-44-00/,https://open.quiltdata.com/b/aind-open-data/tree/multiplane-ophys_850399_2026-06-03_09-59-04_processed_2026-06-23_16-48-56/,,,https://open.quiltdata.com/b/aind-open-data/tree/multiplane-ophys_850399_2026-06-03_09-59-04_processed_2026-08-07_05-36-59/,https://open.quiltdata.com/b/aind-open-data/tree/multiplane-ophys_850399_2026-06-03_09-59-04_nwb_2026-08-08_02-55-16/
multiplane-ophys_853137_2026-06-23_09-56-28,853137,2026-06-23,Mesoscope,Duration,001768,sub-853137/sub-853137_ses-multiplane-ophys-853137-2026-06-23-09-56-28_ophys.nwb,https://dandiarchive.org/dandiset/001768/draft/files?location=sub-853137&page=1,https://open.quiltdata.com/b/aind-open-data/tree/multiplane-ophys_853137_2026-06-23_09-56-28/,,,https://open.quiltdata.com/b/aind-open-data/tree/multiplane-ophys_853137_2026-06-23_09-56-28_processed_2026-06-24_01-14-41/,https://open.quiltdata.com/b/aind-open-data/tree/multiplane-ophys_853137_2026-06-23_09-56-28_processed_2026-06-24_01-01-35/,,,https://open.quiltdata.com/b/aind-open-data/tree/multiplane-ophys_853137_2026-06-23_09-56-28_processed_2026-06-24_06-14-56/,
multiplane-ophys_853137_2026-06-24_11-28-54,853137,2026-06-24,Mesoscope,Standard oddball,001768,sub-853137/sub-853137_ses-multiplane-ophys-853137-2026-06-24-11-28-54_ophys.nwb,https://dandiarchive.org/dandiset/001768/draft/files?location=sub-853137&page=1,https://open.quiltdata.com/b/aind-open-data/tree/multiplane-ophys_853137_2026-06-24_11-28-54/,,,https://open.quiltdata.com/b/aind-open-data/tree/multiplane-ophys_853137_2026-06-24_11-28-54_processed_2026-06-25_07-44-54/,https://open.quiltdata.com/b/aind-open-data/tree/multiplane-ophys_853137_2026-06-24_11-28-54_processed_2026-06-25_07-35-38/,,,https://open.quiltdata.com/b/aind-open-data/tree/multiplane-ophys_853137_2026-06-24_11-28-54_processed_2026-06-25_12-56-52/,
multiplane-ophys_853137_2026-06-25_13-03-30,853137,2026-06-25,Mesoscope,Standard oddball,001768,sub-853137/sub-853137_ses-multiplane-ophys-853137-2026-06-25-13-03-30_ophys.nwb,https://dandiarchive.org/dandiset/001768/draft/files?location=sub-853137&page=1,https://open.quiltdata.com/b/aind-open-data/tree/multiplane-ophys_853137_2026-06-25_13-03-30/,,,https://open.quiltdata.com/b/aind-open-data/tree/multiplane-ophys_853137_2026-06-25_13-03-30_processed_2026-06-26_01-10-42/,https://open.quiltdata.com/b/aind-open-data/tree/multiplane-ophys_853137_2026-06-25_13-03-30_processed_2026-06-26_00-57-23/,,,https://open.quiltdata.com/b/aind-open-data/tree/multiplane-ophys_853137_2026-06-25_13-03-30_processed_2026-06-26_06-02-03/,https://open.quiltdata.com/b/aind-open-data/tree/multiplane-ophys_853137_2026-06-25_13-03-30_nwb_2026-08-11_03-46-50/
multiplane-ophys_853137_2026-06-26_11-57-03,853137,2026-06-26,Mesoscope,Sensorimotor,001768,sub-853137/sub-853137_ses-multiplane-ophys-853137-2026-06-26-11-57-03_ophys.nwb,https://dandiarchive.org/dandiset/001768/draft/files?location=sub-853137&page=1,https://open.quiltdata.com/b/aind-open-data/tree/multiplane-ophys_853137_2026-06-26_11-57-03/,,,https://open.quiltdata.com/b/aind-open-data/tree/multiplane-ophys_853137_2026-06-26_11-57-03_processed_2026-06-27_00-49-48/,https://open.quiltdata.com/b/aind-open-data/tree/multiplane-ophys_853137_2026-06-26_11-57-03_processed_2026-06-27_00-38-28/,,,https://open.quiltdata.com/b/aind-open-data/tree/multiplane-ophys_853137_2026-06-26_11-57-03_processed_2026-06-27_06-38-19/,https://open.quiltdata.com/b/aind-open-data/tree/multiplane-ophys_853137_2026-06-26_11-57-03_nwb_2026-08-08_03-13-54/
multiplane-ophys_853137_2026-06-27_12-28-41,853137,2026-06-27,Mesoscope,Sensorimotor,001768,sub-853137/sub-853137_ses-multiplane-ophys-853137-2026-06-27-12-28-41_ophys.nwb,https://dandiarchive.org/dandiset/001768/draft/files?location=sub-853137&page=1,https://open.quiltdata.com/b/aind-open-data/tree/multiplane-ophys_853137_2026-06-27_12-28-41/,,,https://open.quiltdata.com/b/aind-open-data/tree/multiplane-ophys_853137_2026-06-27_12-28-41_processed_2026-06-28_00-47-54/,https://open.quiltdata.com/b/aind-open-data/tree/multiplane-ophys_853137_2026-06-27_12-28-41_processed_2026-06-28_00-39-30/,,,https://open.quiltdata.com/b/aind-open-data/tree/multiplane-ophys_853137_2026-06-27_12-28-41_processed_2026-06-28_06-30-07/,https://open.quiltdata.com/b/aind-open-data/tree/multiplane-ophys_853137_2026-06-27_12-28-41_nwb_2026-08-08_03-28-43/
multiplane-ophys_853137_2026-07-08_12-09-27,853137,2026-07-08,Mesoscope,Sequence,001768,sub-853137/sub-853137_ses-multiplane-ophys-853137-2026-07-08-12-09-27_ophys.nwb,https://dandiarchive.org/dandiset/001768/draft/files?location=sub-853137&page=1,https://open.quiltdata.com/b/aind-open-data/tree/multiplane-ophys_853137_2026-07-08_12-09-27/,,,https://open.quiltdata.com/b/aind-open-data/tree/multiplane-ophys_853137_2026-07-08_12-09-27_processed_2026-07-09_02-04-46/,https://open.quiltdata.com/b/aind-open-data/tree/multiplane-ophys_853137_2026-07-08_12-09-27_processed_2026-07-09_01-50-25/,,,https://open.quiltdata.com/b/aind-open-data/tree/multiplane-ophys_853137_2026-07-08_12-09-27_processed_2026-07-09_08-09-32/,https://open.quiltdata.com/b/aind-open-data/tree/multiplane-ophys_853137_2026-07-08_12-09-27_nwb_2026-08-08_03-23-29/
multiplane-ophys_853137_2026-07-10_11-45-15,853137,2026-07-10,Mesoscope,Duration,001768,sub-853137/sub-853137_ses-multiplane-ophys-853137-2026-07-10-11-45-15_ophys.nwb,https://dandiarchive.org/dandiset/001768/draft/files?location=sub-853137&page=1,https://open.quiltdata.com/b/aind-open-data/tree/multiplane-ophys_853137_2026-07-10_11-45-15/,,,https://open.quiltdata.com/b/aind-open-data/tree/multiplane-ophys_853137_2026-07-10_11-45-15_processed_2026-07-11_02-01-06/,https://open.quiltdata.com/b/aind-open-data/tree/multiplane-ophys_853137_2026-07-10_11-45-15_processed_2026-07-11_01-49-24/,,,https://open.quiltdata.com/b/aind-open-data/tree/multiplane-ophys_853137_2026-07-10_11-45-15_processed_2026-07-11_06-16-15/,https://open.quiltdata.com/b/aind-open-data/tree/multiplane-ophys_853137_2026-07-10_11-45-15_nwb_2026-08-08_02-09-58/
multiplane-ophys_853137_2026-07-14_15-24-43,853137,2026-07-14,Mesoscope,Sequence,001768,sub-853137/sub-853137_ses-multiplane-ophys-853137-2026-07-14-15-24-43_ophys.nwb,https://dandiarchive.org/dandiset/001768/draft/files?location=sub-853137&page=1,https://open.quiltdata.com/b/aind-open-data/tree/multiplane-ophys_853137_2026-07-14_15-24-43/,,,https://open.quiltdata.com/b/aind-open-data/tree/multiplane-ophys_853137_2026-07-14_15-24-43_processed_2026-07-17_01-07-17/,https://open.quiltdata.com/b/aind-open-data/tree/multiplane-ophys_853137_2026-07-14_15-24-43_processed_2026-07-17_00-55-14/,,,https://open.quiltdata.com/b/aind-open-data/tree/multiplane-ophys_853137_2026-07-14_15-24-43_processed_2026-07-17_06-05-56/,
ecephys_820454_2025-11-04_14-59-22,820454,2025-11-04,Neuropixels,Sensorimotor,001637,sub-820454/sub-820454_ses-ecephys-820454-2025-11-04-14-59-22_ecephys.nwb,https://dandiarchive.org/dandiset/001637/draft/files?location=sub-820454&page=1,https://open.quiltdata.com/b/aind-open-data/tree/ecephys_820454_2025-11-04_14-59-22/,https://open.quiltdata.com/b/aind-open-data/tree/ecephys_820454_2025-11-04_14-59-22_sorted_2026-06-27_11-07-00/,INTERNAL,,,,,,https://open.quiltdata.com/b/aind-open-data/tree/ecephys_820454_2025-11-04_14-59-22_nwb_2026-08-07_05-46-38/
ecephys_820454_2025-11-05_15-21-15,820454,2025-11-05,Neuropixels,Standard oddball,001637,sub-820454/sub-820454_ses-ecephys-820454-2025-11-05-15-21-15_ecephys.nwb,https://dandiarchive.org/dandiset/001637/draft/files?location=sub-820454&page=1,https://open.quiltdata.com/b/aind-open-data/tree/ecephys_820454_2025-11-05_15-21-15/,https://open.quiltdata.com/b/aind-open-data/tree/ecephys_820454_2025-11-05_15-21-15_sorted_2026-06-27_12-25-47/,INTERNAL,,,,,,https://open.quiltdata.com/b/aind-open-data/tree/ecephys_820454_2025-11-05_15-21-15_nwb_2026-08-07_12-21-02/
ecephys_820454_2025-11-06_16-00-27,820454,2025-11-06,Neuropixels,Sequence,001637,sub-820454/sub-820454_ses-ecephys-820454-2025-11-06-16-00-27_ecephys.nwb,https://dandiarchive.org/dandiset/001637/draft/files?location=sub-820454&page=1,https://open.quiltdata.com/b/aind-open-data/tree/ecephys_820454_2025-11-06_16-00-27/,https://open.quiltdata.com/b/aind-open-data/tree/ecephys_820454_2025-11-06_16-00-27_sorted_2026-06-27_12-28-40/,INTERNAL,,,,,,https://open.quiltdata.com/b/aind-open-data/tree/ecephys_820454_2025-11-06_16-00-27_nwb_2026-08-07_12-07-50/
ecephys_820454_2025-11-07_10-54-23,820454,2025-11-07,Neuropixels,Duration,001637,sub-820454/sub-820454_ses-ecephys-820454-2025-11-07-10-54-23_ecephys.nwb,https://dandiarchive.org/dandiset/001637/draft/files?location=sub-820454&page=1,https://open.quiltdata.com/b/aind-open-data/tree/ecephys_820454_2025-11-07_10-54-23/,https://open.quiltdata.com/b/aind-open-data/tree/ecephys_820454_2025-11-07_10-54-23_sorted_2026-08-06_18-44-24/,INTERNAL,,,,,,https://open.quiltdata.com/b/aind-open-data/tree/ecephys_820454_2025-11-07_10-54-23_nwb_2026-08-07_12-05-52/
ecephys_820459_2025-11-10_15-07-13,820459,2025-11-10,Neuropixels,Sensorimotor,001637,sub-820459/sub-820459_ses-ecephys-820459-2025-11-10-15-07-13_ecephys.nwb,https://dandiarchive.org/dandiset/001637/draft/files?location=sub-820459&page=1,https://open.quiltdata.com/b/aind-open-data/tree/ecephys_820459_2025-11-10_15-07-13/,https://open.quiltdata.com/b/aind-open-data/tree/ecephys_820459_2025-11-10_15-07-13_sorted_2026-08-06_19-21-20/,INTERNAL,,,,,,https://open.quiltdata.com/b/aind-open-data/tree/ecephys_820459_2025-11-10_15-07-13_nwb_2026-08-07_05-48-20/
ecephys_820459_2025-11-12_14-34-33,820459,2025-11-12,Neuropixels,Sequence,001637,sub-820459/sub-820459_ses-ecephys-820459-2025-11-12-14-34-33_ecephys.nwb,https://dandiarchive.org/dandiset/001637/draft/files?location=sub-820459&page=1,https://open.quiltdata.com/b/aind-open-data/tree/ecephys_820459_2025-11-12_14-34-33/,https://open.quiltdata.com/b/aind-open-data/tree/ecephys_820459_2025-11-12_14-34-33_sorted_2026-06-27_09-05-10/,INTERNAL,,,,,,https://open.quiltdata.com/b/aind-open-data/tree/ecephys_820459_2025-11-12_14-34-33_nwb_2026-07-21_06-45-18/
ecephys_830794_2026-01-26_12-02-05,830794,2026-01-26,Neuropixels,Sensorimotor,001637,sub-830794/sub-830794_ses-ecephys-830794-2026-01-26-12-02-05_ecephys.nwb,https://dandiarchive.org/dandiset/001637/draft/files?location=sub-830794&page=1,https://open.quiltdata.com/b/aind-open-data/tree/ecephys_830794_2026-01-26_12-02-05/,https://open.quiltdata.com/b/aind-open-data/tree/ecephys_830794_2026-01-26_12-02-05_sorted_2026-06-27_14-29-44/,INTERNAL,,,,,,https://open.quiltdata.com/b/aind-open-data/tree/ecephys_830794_2026-01-26_12-02-05_nwb_2026-08-07_05-45-40/
ecephys_830794_2026-01-27_11-25-31,830794,2026-01-27,Neuropixels,Standard oddball,001637,sub-830794/sub-830794_ses-ecephys-830794-2026-01-27-11-25-31_ecephys.nwb,https://dandiarchive.org/dandiset/001637/draft/files?location=sub-830794&page=1,https://open.quiltdata.com/b/aind-open-data/tree/ecephys_830794_2026-01-27_11-25-31/,https://open.quiltdata.com/b/aind-open-data/tree/ecephys_830794_2026-01-27_11-25-31_sorted_2026-06-27_10-21-04/,INTERNAL,,,,,,https://open.quiltdata.com/b/aind-open-data/tree/ecephys_830794_2026-01-27_11-25-31_nwb_2026-08-07_05-38-32/
ecephys_830794_2026-01-28_11-01-44,830794,2026-01-28,Neuropixels,Sequence,001637,sub-830794/sub-830794_ses-ecephys-830794-2026-01-28-11-01-44_ecephys.nwb,https://dandiarchive.org/dandiset/001637/draft/files?location=sub-830794&page=1,https://open.quiltdata.com/b/aind-open-data/tree/ecephys_830794_2026-01-28_11-01-44/,https://open.quiltdata.com/b/aind-open-data/tree/ecephys_830794_2026-01-28_11-01-44_sorted_2026-08-04_09-30-02/,INTERNAL,,,,,,https://open.quiltdata.com/b/aind-open-data/tree/ecephys_830794_2026-01-28_11-01-44_nwb_2026-08-08_07-04-58/
ecephys_830794_2026-01-29_11-12-57,830794,2026-01-29,Neuropixels,Duration,001637,sub-830794/sub-830794_ses-ecephys-830794-2026-01-29-11-12-57_ecephys.nwb,https://dandiarchive.org/dandiset/001637/draft/files?location=sub-830794&page=1,https://open.quiltdata.com/b/aind-open-data/tree/ecephys_830794_2026-01-29_11-12-57/,https://open.quiltdata.com/b/aind-open-data/tree/ecephys_830794_2026-01-29_11-12-57_sorted_2026-08-04_10-12-02/,INTERNAL,,,,,,https://open.quiltdata.com/b/aind-open-data/tree/ecephys_830794_2026-01-29_11-12-57_nwb_2026-08-07_05-55-37/
ecephys_834691_2026-02-16_11-02-15,834691,2026-02-16,Neuropixels,Sensorimotor,001637,sub-834691/sub-834691_ses-ecephys-834691-2026-02-16-11-02-15_ecephys.nwb,https://dandiarchive.org/dandiset/001637/draft/files?location=sub-834691&page=1,https://open.quiltdata.com/b/aind-open-data/tree/ecephys_834691_2026-02-16_11-02-15/,https://open.quiltdata.com/b/aind-open-data/tree/ecephys_834691_2026-02-16_11-02-15_sorted_2026-08-06_10-30-16/,INTERNAL,,,,,,https://open.quiltdata.com/b/aind-open-data/tree/ecephys_834691_2026-02-16_11-02-15_nwb_2026-08-07_05-48-19/
ecephys_834691_2026-02-17_10-49-35,834691,2026-02-17,Neuropixels,Standard oddball,001637,sub-834691/sub-834691_ses-ecephys-834691-2026-02-17-10-49-35_ecephys.nwb,https://dandiarchive.org/dandiset/001637/draft/files?location=sub-834691&page=1,https://open.quiltdata.com/b/aind-open-data/tree/ecephys_834691_2026-02-17_10-49-35/,https://open.quiltdata.com/b/aind-open-data/tree/ecephys_834691_2026-02-17_10-49-35_sorted_2026-08-06_12-38-59/,INTERNAL,,,,,,https://open.quiltdata.com/b/aind-open-data/tree/ecephys_834691_2026-02-17_10-49-35_nwb_2026-08-07_05-42-55/
ecephys_830795_2026-02-23_15-03-59,830795,2026-02-23,Neuropixels,Sensorimotor,001637,sub-830795/sub-830795_ses-ecephys-830795-2026-02-23-15-03-59_ecephys.nwb,https://dandiarchive.org/dandiset/001637/draft/files?location=sub-830795&page=1,https://open.quiltdata.com/b/aind-open-data/tree/ecephys_830795_2026-02-23_15-03-59/,https://open.quiltdata.com/b/aind-open-data/tree/ecephys_830795_2026-02-23_15-03-59_sorted_2026-06-27_10-14-29/,INTERNAL,,,,,,https://open.quiltdata.com/b/aind-open-data/tree/ecephys_830795_2026-02-23_15-03-59_nwb_2026-08-07_05-47-04/
ecephys_830852_2026-02-23_10-31-02,830852,2026-02-23,Neuropixels,Sensorimotor,001637,sub-830852/sub-830852_ses-ecephys-830852-2026-02-23-10-31-02_ecephys.nwb,https://dandiarchive.org/dandiset/001637/draft/files?location=sub-830852&page=1,https://open.quiltdata.com/b/aind-open-data/tree/ecephys_830852_2026-02-23_10-31-02/,https://open.quiltdata.com/b/aind-open-data/tree/ecephys_830852_2026-02-23_10-31-02_sorted_2026-06-27_14-54-45/,INTERNAL,,,,,,https://open.quiltdata.com/b/aind-open-data/tree/ecephys_830852_2026-02-23_10-31-02_nwb_2026-08-08_03-22-42/
ecephys_830795_2026-02-24_15-08-59,830795,2026-02-24,Neuropixels,Standard oddball,001637,sub-830795/sub-830795_ses-ecephys-830795-2026-02-24-15-08-59_ecephys.nwb,https://dandiarchive.org/dandiset/001637/draft/files?location=sub-830795&page=1,https://open.quiltdata.com/b/aind-open-data/tree/ecephys_830795_2026-02-24_15-08-59/,https://open.quiltdata.com/b/aind-open-data/tree/ecephys_830795_2026-02-24_15-08-59_sorted_2026-06-27_16-50-19/,INTERNAL,,,,,,https://open.quiltdata.com/b/aind-open-data/tree/ecephys_830795_2026-02-24_15-08-59_nwb_2026-08-07_12-09-07/
ecephys_830852_2026-02-24_10-20-58,830852,2026-02-24,Neuropixels,Standard oddball,001637,sub-830852/sub-830852_ses-ecephys-830852-2026-02-24-10-20-58_ecephys.nwb,https://dandiarchive.org/dandiset/001637/draft/files?location=sub-830852&page=1,https://open.quiltdata.com/b/aind-open-data/tree/ecephys_830852_2026-02-24_10-20-58/,https://open.quiltdata.com/b/aind-open-data/tree/ecephys_830852_2026-02-24_10-20-58_sorted_2026-08-05_07-18-29/,INTERNAL,,,,,,https://open.quiltdata.com/b/aind-open-data/tree/ecephys_830852_2026-02-24_10-20-58_nwb_2026-08-07_05-43-38/
ecephys_830795_2026-02-25_16-03-31,830795,2026-02-25,Neuropixels,Sequence,001637,sub-830795/sub-830795_ses-ecephys-830795-2026-02-25-16-03-31_ecephys.nwb,https://dandiarchive.org/dandiset/001637/draft/files?location=sub-830795&page=1,https://open.quiltdata.com/b/aind-open-data/tree/ecephys_830795_2026-02-25_16-03-31/,https://open.quiltdata.com/b/aind-open-data/tree/ecephys_830795_2026-02-25_16-03-31_sorted_2026-06-27_15-27-38/,INTERNAL,,,,,,https://open.quiltdata.com/b/aind-open-data/tree/ecephys_830795_2026-02-25_16-03-31_nwb_2026-08-07_15-27-17/
ecephys_830852_2026-02-25_10-32-11,830852,2026-02-25,Neuropixels,Sequence,001637,sub-830852/sub-830852_ses-ecephys-830852-2026-02-25-10-32-11_ecephys.nwb,https://dandiarchive.org/dandiset/001637/draft/files?location=sub-830852&page=1,https://open.quiltdata.com/b/aind-open-data/tree/ecephys_830852_2026-02-25_10-32-11/,https://open.quiltdata.com/b/aind-open-data/tree/ecephys_830852_2026-02-25_10-32-11_sorted_2026-06-27_15-01-21/,INTERNAL,,,,,,https://open.quiltdata.com/b/aind-open-data/tree/ecephys_830852_2026-02-25_10-32-11_nwb_2026-08-07_05-55-22/
ecephys_830795_2026-02-26_16-01-33,830795,2026-02-26,Neuropixels,Duration,001637,sub-830795/sub-830795_ses-ecephys-830795-2026-02-26-16-01-33_ecephys.nwb,https://dandiarchive.org/dandiset/001637/draft/files?location=sub-830795&page=1,https://open.quiltdata.com/b/aind-open-data/tree/ecephys_830795_2026-02-26_16-01-33/,https://open.quiltdata.com/b/aind-open-data/tree/ecephys_830795_2026-02-26_16-01-33_sorted_2026-06-27_11-39-04/,INTERNAL,,,,,,https://open.quiltdata.com/b/aind-open-data/tree/ecephys_830795_2026-02-26_16-01-33_nwb_2026-08-07_05-48-03/
ecephys_830852_2026-02-26_10-49-56,830852,2026-02-26,Neuropixels,Duration,001637,sub-830852/sub-830852_ses-ecephys-830852-2026-02-26-10-49-56_ecephys.nwb,https://dandiarchive.org/dandiset/001637/draft/files?location=sub-830852&page=1,https://open.quiltdata.com/b/aind-open-data/tree/ecephys_830852_2026-02-26_10-49-56/,https://open.quiltdata.com/b/aind-open-data/tree/ecephys_830852_2026-02-26_10-49-56_sorted_2026-08-05_08-13-20/,INTERNAL,,,,,,https://open.quiltdata.com/b/aind-open-data/tree/ecephys_830852_2026-02-26_10-49-56_nwb_2026-08-07_11-58-53/
ecephys_830848_2026-03-02_15-05-26,830848,2026-03-02,Neuropixels,Sequence,001637,sub-830848/sub-830848_ses-ecephys-830848-2026-03-02-15-05-26_ecephys.nwb,https://dandiarchive.org/dandiset/001637/draft/files?location=sub-830848&page=1,https://open.quiltdata.com/b/aind-open-data/tree/ecephys_830848_2026-03-02_15-05-26/,https://open.quiltdata.com/b/aind-open-data/tree/ecephys_830848_2026-03-02_15-05-26_sorted_2026-06-27_15-44-48/,INTERNAL,,,,,,https://open.quiltdata.com/b/aind-open-data/tree/ecephys_830848_2026-03-02_15-05-26_nwb_2026-08-07_11-18-36/
ecephys_830848_2026-03-03_14-02-09,830848,2026-03-03,Neuropixels,Duration,001637,sub-830848/sub-830848_ses-ecephys-830848-2026-03-03-14-02-09_ecephys.nwb,https://dandiarchive.org/dandiset/001637/draft/files?location=sub-830848&page=1,https://open.quiltdata.com/b/aind-open-data/tree/ecephys_830848_2026-03-03_14-02-09/,https://open.quiltdata.com/b/aind-open-data/tree/ecephys_830848_2026-03-03_14-02-09_sorted_2026-06-27_15-36-35/,INTERNAL,,,,,,https://open.quiltdata.com/b/aind-open-data/tree/ecephys_830848_2026-03-03_14-02-09_nwb_2026-08-07_11-23-39/
ecephys_830848_2026-03-04_15-34-54,830848,2026-03-04,Neuropixels,Standard oddball,001637,sub-830848/sub-830848_ses-ecephys-830848-2026-03-04-15-34-54_ecephys.nwb,https://dandiarchive.org/dandiset/001637/draft/files?location=sub-830848&page=1,https://open.quiltdata.com/b/aind-open-data/tree/ecephys_830848_2026-03-04_15-34-54/,https://open.quiltdata.com/b/aind-open-data/tree/ecephys_830848_2026-03-04_15-34-54_sorted_2026-08-05_09-09-35/,INTERNAL,,,,,,https://open.quiltdata.com/b/aind-open-data/tree/ecephys_830848_2026-03-04_15-34-54_nwb_2026-08-07_12-00-31/
ecephys_830849_2026-03-04_10-14-36,830849,2026-03-04,Neuropixels,Sequence,001637,sub-830849/sub-830849_ses-ecephys-830849-2026-03-04-10-14-36_ecephys.nwb,https://dandiarchive.org/dandiset/001637/draft/files?location=sub-830849&page=1,https://open.quiltdata.com/b/aind-open-data/tree/ecephys_830849_2026-03-04_10-14-36/,https://open.quiltdata.com/b/aind-open-data/tree/ecephys_830849_2026-03-04_10-14-36_sorted_2026-06-27_13-44-34/,INTERNAL,,,,,,https://open.quiltdata.com/b/aind-open-data/tree/ecephys_830849_2026-03-04_10-14-36_nwb_2026-06-30_14-38-39/
ecephys_830848_2026-03-05_16-07-50,830848,2026-03-05,Neuropixels,Sensorimotor,001637,sub-830848/sub-830848_ses-ecephys-830848-2026-03-05-16-07-50_ecephys.nwb,https://dandiarchive.org/dandiset/001637/draft/files?location=sub-830848&page=1,https://open.quiltdata.com/b/aind-open-data/tree/ecephys_830848_2026-03-05_16-07-50/,https://open.quiltdata.com/b/aind-open-data/tree/ecephys_830848_2026-03-05_16-07-50_sorted_2026-08-05_12-08-04/,INTERNAL,,,,,,https://open.quiltdata.com/b/aind-open-data/tree/ecephys_830848_2026-03-05_16-07-50_nwb_2026-06-30_11-59-10/
ecephys_830849_2026-03-05_10-41-20,830849,2026-03-05,Neuropixels,Duration,001637,sub-830849/sub-830849_ses-ecephys-830849-2026-03-05-10-41-20_ecephys.nwb,https://dandiarchive.org/dandiset/001637/draft/files?location=sub-830849&page=1,https://open.quiltdata.com/b/aind-open-data/tree/ecephys_830849_2026-03-05_10-41-20/,https://open.quiltdata.com/b/aind-open-data/tree/ecephys_830849_2026-03-05_10-41-20_sorted_2026-07-07_04-02-18/,INTERNAL,,,,,,https://open.quiltdata.com/b/aind-open-data/tree/ecephys_830849_2026-03-05_10-41-20_nwb_2026-08-07_11-19-52/
ecephys_830849_2026-03-06_10-51-58,830849,2026-03-06,Neuropixels,Standard oddball,001637,sub-830849/sub-830849_ses-ecephys-830849-2026-03-06-10-51-58_ecephys.nwb,https://dandiarchive.org/dandiset/001637/draft/files?location=sub-830849&page=1,https://open.quiltdata.com/b/aind-open-data/tree/ecephys_830849_2026-03-06_10-51-58/,https://open.quiltdata.com/b/aind-open-data/tree/ecephys_830849_2026-03-06_10-51-58_sorted_2026-06-27_16-12-05/,INTERNAL,,,,,,https://open.quiltdata.com/b/aind-open-data/tree/ecephys_830849_2026-03-06_10-51-58_nwb_2026-06-30_15-00-25/
ecephys_830849_2026-03-07_09-48-16,830849,2026-03-07,Neuropixels,Sensorimotor,001637,sub-830849/sub-830849_ses-ecephys-830849-2026-03-07-09-48-16_ecephys.nwb,https://dandiarchive.org/dandiset/001637/draft/files?location=sub-830849&page=1,https://open.quiltdata.com/b/aind-open-data/tree/ecephys_830849_2026-03-07_09-48-16/,https://open.quiltdata.com/b/aind-open-data/tree/ecephys_830849_2026-03-07_09-48-16_sorted_2026-06-27_11-27-30/,INTERNAL,,,,,,https://open.quiltdata.com/b/aind-open-data/tree/ecephys_830849_2026-03-07_09-48-16_nwb_2026-06-30_11-50-16/
ecephys_830846_2026-03-09_10-32-54,830846,2026-03-09,Neuropixels,Sequence,001637,sub-830846/sub-830846_ses-ecephys-830846-2026-03-09-10-32-54_ecephys.nwb,https://dandiarchive.org/dandiset/001637/draft/files?location=sub-830846&page=1,https://open.quiltdata.com/b/aind-open-data/tree/ecephys_830846_2026-03-09_10-32-54/,https://open.quiltdata.com/b/aind-open-data/tree/ecephys_830846_2026-03-09_10-32-54_sorted_2026-06-27_16-20-44/,INTERNAL,,,,,,https://open.quiltdata.com/b/aind-open-data/tree/ecephys_830846_2026-03-09_10-32-54_nwb_2026-06-30_12-00-43/
ecephys_830847_2026-03-09_16-23-49,830847,2026-03-09,Neuropixels,Sequence,001637,sub-830847/sub-830847_ses-ecephys-830847-2026-03-09-16-23-49_ecephys.nwb,https://dandiarchive.org/dandiset/001637/draft/files?location=sub-830847&page=1,https://open.quiltdata.com/b/aind-open-data/tree/ecephys_830847_2026-03-09_16-23-49/,https://open.quiltdata.com/b/aind-open-data/tree/ecephys_830847_2026-03-09_16-23-49_sorted_2026-06-27_16-52-23/,INTERNAL,,,,,,https://open.quiltdata.com/b/aind-open-data/tree/ecephys_830847_2026-03-09_16-23-49_nwb_2026-08-05_14-56-17/
ecephys_830846_2026-03-10_10-17-25,830846,2026-03-10,Neuropixels,Duration,001637,sub-830846/sub-830846_ses-ecephys-830846-2026-03-10-10-17-25_ecephys.nwb,https://dandiarchive.org/dandiset/001637/draft/files?location=sub-830846&page=1,https://open.quiltdata.com/b/aind-open-data/tree/ecephys_830846_2026-03-10_10-17-25/,https://open.quiltdata.com/b/aind-open-data/tree/ecephys_830846_2026-03-10_10-17-25_sorted_2026-08-05_10-03-02/,INTERNAL,,,,,,https://open.quiltdata.com/b/aind-open-data/tree/ecephys_830846_2026-03-10_10-17-25_nwb_2026-07-30_12-12-36/
ecephys_830847_2026-03-10_16-32-25,830847,2026-03-10,Neuropixels,Duration,001637,sub-830847/sub-830847_ses-ecephys-830847-2026-03-10-16-32-25_ecephys.nwb,https://dandiarchive.org/dandiset/001637/draft/files?location=sub-830847&page=1,https://open.quiltdata.com/b/aind-open-data/tree/ecephys_830847_2026-03-10_16-32-25/,https://open.quiltdata.com/b/aind-open-data/tree/ecephys_830847_2026-03-10_16-32-25_sorted_2026-06-27_16-42-53/,INTERNAL,,,,,,https://open.quiltdata.com/b/aind-open-data/tree/ecephys_830847_2026-03-10_16-32-25_nwb_2026-06-30_14-56-52/
ecephys_830846_2026-03-11_10-19-32,830846,2026-03-11,Neuropixels,Standard oddball,001637,sub-830846/sub-830846_ses-ecephys-830846-2026-03-11-10-19-32_ecephys.nwb,https://dandiarchive.org/dandiset/001637/draft/files?location=sub-830846&page=1,https://open.quiltdata.com/b/aind-open-data/tree/ecephys_830846_2026-03-11_10-19-32/,https://open.quiltdata.com/b/aind-open-data/tree/ecephys_830846_2026-03-11_10-19-32_sorted_2026-06-27_14-38-08/,INTERNAL,,,,,,https://open.quiltdata.com/b/aind-open-data/tree/ecephys_830846_2026-03-11_10-19-32_nwb_2026-06-30_14-58-32/
ecephys_830847_2026-03-11_15-46-40,830847,2026-03-11,Neuropixels,Standard oddball,001637,sub-830847/sub-830847_ses-ecephys-830847-2026-03-11-15-46-40_ecephys.nwb,https://dandiarchive.org/dandiset/001637/draft/files?location=sub-830847&page=1,https://open.quiltdata.com/b/aind-open-data/tree/ecephys_830847_2026-03-11_15-46-40/,https://open.quiltdata.com/b/aind-open-data/tree/ecephys_830847_2026-03-11_15-46-40_sorted_2026-06-27_16-25-19/,INTERNAL,,,,,,https://open.quiltdata.com/b/aind-open-data/tree/ecephys_830847_2026-03-11_15-46-40_nwb_2026-06-30_15-00-33/
ecephys_830846_2026-03-12_11-09-13,830846,2026-03-12,Neuropixels,Sensorimotor,001637,sub-830846/sub-830846_ses-ecephys-830846-2026-03-12-11-09-13_ecephys.nwb,https://dandiarchive.org/dandiset/001637/draft/files?location=sub-830846&page=1,https://open.quiltdata.com/b/aind-open-data/tree/ecephys_830846_2026-03-12_11-09-13/,https://open.quiltdata.com/b/aind-open-data/tree/ecephys_830846_2026-03-12_11-09-13_sorted_2026-06-27_14-57-25/,INTERNAL,,,,,,https://open.quiltdata.com/b/aind-open-data/tree/ecephys_830846_2026-03-12_11-09-13_nwb_2026-06-30_12-01-16/
ecephys_830847_2026-03-12_17-14-42,830847,2026-03-12,Neuropixels,Sensorimotor,001637,sub-830847/sub-830847_ses-ecephys-830847-2026-03-12-17-14-42_ecephys.nwb,https://dandiarchive.org/dandiset/001637/draft/files?location=sub-830847&page=1,https://open.quiltdata.com/b/aind-open-data/tree/ecephys_830847_2026-03-12_17-14-42/,https://open.quiltdata.com/b/aind-open-data/tree/ecephys_830847_2026-03-12_17-14-42_sorted_2026-06-27_15-42-06/,INTERNAL,,,,,,https://open.quiltdata.com/b/aind-open-data/tree/ecephys_830847_2026-03-12_17-14-42_nwb_2026-08-05_12-21-36/
ecephys_830851_2026-03-16_10-18-07,830851,2026-03-16,Neuropixels,Sensorimotor,001637,sub-830851/sub-830851_ses-ecephys-830851-2026-03-16-10-18-07_ecephys.nwb,https://dandiarchive.org/dandiset/001637/draft/files?location=sub-830851&page=1,https://open.quiltdata.com/b/aind-open-data/tree/ecephys_830851_2026-03-16_10-18-07/,https://open.quiltdata.com/b/aind-open-data/tree/ecephys_830851_2026-03-16_10-18-07_sorted_2026-06-27_17-09-26/,INTERNAL,,,,,,https://open.quiltdata.com/b/aind-open-data/tree/ecephys_830851_2026-03-16_10-18-07_nwb_2026-06-30_14-42-48/
ecephys_834687_2026-03-16_16-33-30,834687,2026-03-16,Neuropixels,Sequence,001637,sub-834687/sub-834687_ses-ecephys-834687-2026-03-16-16-33-30_ecephys.nwb,https://dandiarchive.org/dandiset/001637/draft/files?location=sub-834687&page=1,https://open.quiltdata.com/b/aind-open-data/tree/ecephys_834687_2026-03-16_16-33-30/,https://open.quiltdata.com/b/aind-open-data/tree/ecephys_834687_2026-03-16_16-33-30_sorted_2026-08-05_11-37-07/,INTERNAL,,,,,,https://open.quiltdata.com/b/aind-open-data/tree/ecephys_834687_2026-03-16_16-33-30_nwb_2026-08-07_05-52-10/
ecephys_830851_2026-03-17_10-46-04,830851,2026-03-17,Neuropixels,Standard oddball,001637,sub-830851/sub-830851_ses-ecephys-830851-2026-03-17-10-46-04_ecephys.nwb,https://dandiarchive.org/dandiset/001637/draft/files?location=sub-830851&page=1,https://open.quiltdata.com/b/aind-open-data/tree/ecephys_830851_2026-03-17_10-46-04/,https://open.quiltdata.com/b/aind-open-data/tree/ecephys_830851_2026-03-17_10-46-04_sorted_2026-06-27_16-23-42/,INTERNAL,,,,,,https://open.quiltdata.com/b/aind-open-data/tree/ecephys_830851_2026-03-17_10-46-04_nwb_2026-06-30_11-53-49/
ecephys_834687_2026-03-17_16-18-25,834687,2026-03-17,Neuropixels,Duration,001637,sub-834687/sub-834687_ses-ecephys-834687-2026-03-17-16-18-25_ecephys.nwb,https://dandiarchive.org/dandiset/001637/draft/files?location=sub-834687&page=1,https://open.quiltdata.com/b/aind-open-data/tree/ecephys_834687_2026-03-17_16-18-25/,https://open.quiltdata.com/b/aind-open-data/tree/ecephys_834687_2026-03-17_16-18-25_sorted_2026-06-27_16-30-40/,INTERNAL,,,,,,https://open.quiltdata.com/b/aind-open-data/tree/ecephys_834687_2026-03-17_16-18-25_nwb_2026-07-21_07-40-17/
ecephys_830851_2026-03-18_10-24-59,830851,2026-03-18,Neuropixels,Sequence,001637,sub-830851/sub-830851_ses-ecephys-830851-2026-03-18-10-24-59_ecephys.nwb,https://dandiarchive.org/dandiset/001637/draft/files?location=sub-830851&page=1,https://open.quiltdata.com/b/aind-open-data/tree/ecephys_830851_2026-03-18_10-24-59/,https://open.quiltdata.com/b/aind-open-data/tree/ecephys_830851_2026-03-18_10-24-59_sorted_2026-06-27_16-47-05/,INTERNAL,,,,,,https://open.quiltdata.com/b/aind-open-data/tree/ecephys_830851_2026-03-18_10-24-59_nwb_2026-06-30_14-53-35/
ecephys_834687_2026-03-18_15-50-10,834687,2026-03-18,Neuropixels,Standard oddball,001637,sub-834687/sub-834687_ses-ecephys-834687-2026-03-18-15-50-10_ecephys.nwb,https://dandiarchive.org/dandiset/001637/draft/files?location=sub-834687&page=1,https://open.quiltdata.com/b/aind-open-data/tree/ecephys_834687_2026-03-18_15-50-10/,https://open.quiltdata.com/b/aind-open-data/tree/ecephys_834687_2026-03-18_15-50-10_sorted_2026-08-05_12-21-44/,INTERNAL,,,,,,https://open.quiltdata.com/b/aind-open-data/tree/ecephys_834687_2026-03-18_15-50-10_nwb_2026-08-06_03-57-22/
ecephys_830851_2026-03-19_10-49-11,830851,2026-03-19,Neuropixels,Duration,001637,sub-830851/sub-830851_ses-ecephys-830851-2026-03-19-10-49-11_ecephys.nwb,https://dandiarchive.org/dandiset/001637/draft/files?location=sub-830851&page=1,https://open.quiltdata.com/b/aind-open-data/tree/ecephys_830851_2026-03-19_10-49-11/,https://open.quiltdata.com/b/aind-open-data/tree/ecephys_830851_2026-03-19_10-49-11_sorted_2026-06-27_15-34-36/,INTERNAL,,,,,,https://open.quiltdata.com/b/aind-open-data/tree/ecephys_830851_2026-03-19_10-49-11_nwb_2026-06-30_14-49-48/
ecephys_834687_2026-03-19_16-06-07,834687,2026-03-19,Neuropixels,Sensorimotor,001637,sub-834687/sub-834687_ses-ecephys-834687-2026-03-19-16-06-07_ecephys.nwb,https://dandiarchive.org/dandiset/001637/draft/files?location=sub-834687&page=1,https://open.quiltdata.com/b/aind-open-data/tree/ecephys_834687_2026-03-19_16-06-07/,https://open.quiltdata.com/b/aind-open-data/tree/ecephys_834687_2026-03-19_16-06-07_sorted_2026-04-07_18-29-43/,INTERNAL,,,,,,https://open.quiltdata.com/b/aind-open-data/tree/ecephys_834687_2026-03-19_16-06-07_nwb_2026-08-07_05-52-23/
ecephys_832691_2026-03-23_11-28-47,832691,2026-03-23,Neuropixels,Sequence,001637,sub-832691/sub-832691_ses-ecephys-832691-2026-03-23-11-28-47_ecephys.nwb,https://dandiarchive.org/dandiset/001637/draft/files?location=sub-832691&page=1,https://open.quiltdata.com/b/aind-open-data/tree/ecephys_832691_2026-03-23_11-28-47/,https://open.quiltdata.com/b/aind-open-data/tree/ecephys_832691_2026-03-23_11-28-47_sorted_2026-08-05_11-19-50/,INTERNAL,,,,,,https://open.quiltdata.com/b/aind-open-data/tree/ecephys_832691_2026-03-23_11-28-47_nwb_2026-08-07_15-34-24/
ecephys_834686_2026-03-23_17-08-31,834686,2026-03-23,Neuropixels,Sequence,001637,sub-834686/sub-834686_ses-ecephys-834686-2026-03-23-17-08-31_ecephys.nwb,https://dandiarchive.org/dandiset/001637/draft/files?location=sub-834686&page=1,https://open.quiltdata.com/b/aind-open-data/tree/ecephys_834686_2026-03-23_17-08-31/,https://open.quiltdata.com/b/aind-open-data/tree/ecephys_834686_2026-03-23_17-08-31_sorted_2026-07-09_12-24-53/,INTERNAL,,,,,,https://open.quiltdata.com/b/aind-open-data/tree/ecephys_834686_2026-03-23_17-08-31_nwb_2026-08-07_11-13-31/
ecephys_832691_2026-03-24_10-04-30,832691,2026-03-24,Neuropixels,Duration,001637,sub-832691/sub-832691_ses-ecephys-832691-2026-03-24-10-04-30_ecephys.nwb,https://dandiarchive.org/dandiset/001637/draft/files?location=sub-832691&page=1,https://open.quiltdata.com/b/aind-open-data/tree/ecephys_832691_2026-03-24_10-04-30/,https://open.quiltdata.com/b/aind-open-data/tree/ecephys_832691_2026-03-24_10-04-30_sorted_2026-07-09_06-42-27/,INTERNAL,,,,,,https://open.quiltdata.com/b/aind-open-data/tree/ecephys_832691_2026-03-24_10-04-30_nwb_2026-08-07_12-27-08/
ecephys_834686_2026-03-24_15-41-18,834686,2026-03-24,Neuropixels,Duration,001637,sub-834686/sub-834686_ses-ecephys-834686-2026-03-24-15-41-18_ecephys.nwb,https://dandiarchive.org/dandiset/001637/draft/files?location=sub-834686&page=1,https://open.quiltdata.com/b/aind-open-data/tree/ecephys_834686_2026-03-24_15-41-18/,https://open.quiltdata.com/b/aind-open-data/tree/ecephys_834686_2026-03-24_15-41-18_sorted_2026-07-09_11-31-37/,INTERNAL,,,,,,https://open.quiltdata.com/b/aind-open-data/tree/ecephys_834686_2026-03-24_15-41-18_nwb_2026-08-07_05-52-22/
ecephys_832691_2026-03-25_10-22-33,832691,2026-03-25,Neuropixels,Standard oddball,001637,sub-832691/sub-832691_ses-ecephys-832691-2026-03-25-10-22-33_ecephys.nwb,https://dandiarchive.org/dandiset/001637/draft/files?location=sub-832691&page=1,https://open.quiltdata.com/b/aind-open-data/tree/ecephys_832691_2026-03-25_10-22-33/,https://open.quiltdata.com/b/aind-open-data/tree/ecephys_832691_2026-03-25_10-22-33_sorted_2026-07-09_06-35-02/,INTERNAL,,,,,,https://open.quiltdata.com/b/aind-open-data/tree/ecephys_832691_2026-03-25_10-22-33_nwb_2026-08-07_11-13-13/
ecephys_834686_2026-03-25_15-47-48,834686,2026-03-25,Neuropixels,Standard oddball,001637,sub-834686/sub-834686_ses-ecephys-834686-2026-03-25-15-47-48_ecephys.nwb,https://dandiarchive.org/dandiset/001637/draft/files?location=sub-834686&page=1,https://open.quiltdata.com/b/aind-open-data/tree/ecephys_834686_2026-03-25_15-47-48/,https://open.quiltdata.com/b/aind-open-data/tree/ecephys_834686_2026-03-25_15-47-48_sorted_2026-08-05_11-39-08/,INTERNAL,,,,,,https://open.quiltdata.com/b/aind-open-data/tree/ecephys_834686_2026-03-25_15-47-48_nwb_2026-08-07_05-41-57/
ecephys_832691_2026-03-26_10-51-37,832691,2026-03-26,Neuropixels,Sensorimotor,001637,sub-832691/sub-832691_ses-ecephys-832691-2026-03-26-10-51-37_ecephys.nwb,https://dandiarchive.org/dandiset/001637/draft/files?location=sub-832691&page=1,https://open.quiltdata.com/b/aind-open-data/tree/ecephys_832691_2026-03-26_10-51-37/,https://open.quiltdata.com/b/aind-open-data/tree/ecephys_832691_2026-03-26_10-51-37_sorted_2026-07-09_05-57-18/,INTERNAL,,,,,,https://open.quiltdata.com/b/aind-open-data/tree/ecephys_832691_2026-03-26_10-51-37_nwb_2026-08-07_12-02-30/
ecephys_834686_2026-03-26_16-15-13,834686,2026-03-26,Neuropixels,Sensorimotor,001637,sub-834686/sub-834686_ses-ecephys-834686-2026-03-26-16-15-13_ecephys.nwb,https://dandiarchive.org/dandiset/001637/draft/files?location=sub-834686&page=1,https://open.quiltdata.com/b/aind-open-data/tree/ecephys_834686_2026-03-26_16-15-13/,https://open.quiltdata.com/b/aind-open-data/tree/ecephys_834686_2026-03-26_16-15-13_sorted_2026-07-09_10-15-31/,INTERNAL,,,,,,https://open.quiltdata.com/b/aind-open-data/tree/ecephys_834686_2026-03-26_16-15-13_nwb_2026-08-07_12-00-37/
ecephys_848387_2026-05-04_16-19-01,848387,2026-05-04,Neuropixels,Sensorimotor,001637,sub-848387/sub-848387_ses-ecephys-848387-2026-05-04-16-19-01_ecephys.nwb,https://dandiarchive.org/dandiset/001637/draft/files?location=sub-848387&page=1,https://open.quiltdata.com/b/aind-open-data/tree/ecephys_848387_2026-05-04_16-19-01/,https://open.quiltdata.com/b/aind-open-data/tree/ecephys_848387_2026-05-04_16-19-01_sorted_2026-08-05_12-39-21/,INTERNAL,,,,,,https://open.quiltdata.com/b/aind-open-data/tree/ecephys_848387_2026-05-04_16-19-01_nwb_2026-08-07_12-01-36/
ecephys_848390_2026-05-04_10-22-33,848390,2026-05-04,Neuropixels,Sensorimotor,001637,sub-848390/sub-848390_ses-ecephys-848390-2026-05-04-10-22-33_ecephys.nwb,https://dandiarchive.org/dandiset/001637/draft/files?location=sub-848390&page=1,https://open.quiltdata.com/b/aind-open-data/tree/ecephys_848390_2026-05-04_10-22-33/,https://open.quiltdata.com/b/aind-open-data/tree/ecephys_848390_2026-05-04_10-22-33_sorted_2026-08-05_12-39-32/,INTERNAL,,,,,,https://open.quiltdata.com/b/aind-open-data/tree/ecephys_848390_2026-05-04_10-22-33_nwb_2026-08-05_12-26-00/
ecephys_848387_2026-05-05_15-55-50,848387,2026-05-05,Neuropixels,Standard oddball,001637,sub-848387/sub-848387_ses-ecephys-848387-2026-05-05-15-55-50_ecephys.nwb,https://dandiarchive.org/dandiset/001637/draft/files?location=sub-848387&page=1,https://open.quiltdata.com/b/aind-open-data/tree/ecephys_848387_2026-05-05_15-55-50/,https://open.quiltdata.com/b/aind-open-data/tree/ecephys_848387_2026-05-05_15-55-50_sorted_2026-08-05_12-07-36/,INTERNAL,,,,,,https://open.quiltdata.com/b/aind-open-data/tree/ecephys_848387_2026-05-05_15-55-50_nwb_2026-08-07_05-51-56/
ecephys_848390_2026-05-05_10-08-25,848390,2026-05-05,Neuropixels,Standard oddball,001637,sub-848390/sub-848390_ses-ecephys-848390-2026-05-05-10-08-25_ecephys.nwb,https://dandiarchive.org/dandiset/001637/draft/files?location=sub-848390&page=1,https://open.quiltdata.com/b/aind-open-data/tree/ecephys_848390_2026-05-05_10-08-25/,https://open.quiltdata.com/b/aind-open-data/tree/ecephys_848390_2026-05-05_10-08-25_sorted_2026-08-05_10-40-37/,INTERNAL,,,,,,https://open.quiltdata.com/b/aind-open-data/tree/ecephys_848390_2026-05-05_10-08-25_nwb_2026-08-07_05-56-01/
ecephys_848387_2026-05-06_15-09-10,848387,2026-05-06,Neuropixels,Sequence,001637,sub-848387/sub-848387_ses-ecephys-848387-2026-05-06-15-09-10_ecephys.nwb,https://dandiarchive.org/dandiset/001637/draft/files?location=sub-848387&page=1,https://open.quiltdata.com/b/aind-open-data/tree/ecephys_848387_2026-05-06_15-09-10/,https://open.quiltdata.com/b/aind-open-data/tree/ecephys_848387_2026-05-06_15-09-10_sorted_2026-07-09_10-11-20/,INTERNAL,,,,,,https://open.quiltdata.com/b/aind-open-data/tree/ecephys_848387_2026-05-06_15-09-10_nwb_2026-07-21_07-53-00/
ecephys_848390_2026-05-06_09-54-56,848390,2026-05-06,Neuropixels,Sequence,001637,sub-848390/sub-848390_ses-ecephys-848390-2026-05-06-09-54-56_ecephys.nwb,https://dandiarchive.org/dandiset/001637/draft/files?location=sub-848390&page=1,https://open.quiltdata.com/b/aind-open-data/tree/ecephys_848390_2026-05-06_09-54-56/,https://open.quiltdata.com/b/aind-open-data/tree/ecephys_848390_2026-05-06_09-54-56_sorted_2026-08-05_11-59-10/,INTERNAL,,,,,,https://open.quiltdata.com/b/aind-open-data/tree/ecephys_848390_2026-05-06_09-54-56_nwb_2026-08-07_05-47-41/
ecephys_848387_2026-05-07_15-46-10,848387,2026-05-07,Neuropixels,Duration,001637,sub-848387/sub-848387_ses-ecephys-848387-2026-05-07-15-46-10_ecephys.nwb,https://dandiarchive.org/dandiset/001637/draft/files?location=sub-848387&page=1,https://open.quiltdata.com/b/aind-open-data/tree/ecephys_848387_2026-05-07_15-46-10/,https://open.quiltdata.com/b/aind-open-data/tree/ecephys_848387_2026-05-07_15-46-10_sorted_2026-07-09_15-52-16/,INTERNAL,,,,,,https://open.quiltdata.com/b/aind-open-data/tree/ecephys_848387_2026-05-07_15-46-10_nwb_2026-08-07_05-51-02/
ecephys_848390_2026-05-07_10-22-45,848390,2026-05-07,Neuropixels,Duration,001637,sub-848390/sub-848390_ses-ecephys-848390-2026-05-07-10-22-45_ecephys.nwb,https://dandiarchive.org/dandiset/001637/draft/files?location=sub-848390&page=1,https://open.quiltdata.com/b/aind-open-data/tree/ecephys_848390_2026-05-07_10-22-45/,https://open.quiltdata.com/b/aind-open-data/tree/ecephys_848390_2026-05-07_10-22-45_sorted_2026-08-05_12-27-01/,INTERNAL,,,,,,https://open.quiltdata.com/b/aind-open-data/tree/ecephys_848390_2026-05-07_10-22-45_nwb_2026-08-08_03-41-22/
801381_2025-06-05_14-57-42,801381,2025-06-05,SLAP2,Other/pilot,001424,sub-801381/sub-801381_ses-SLAP2-801381-2025-06-05-14-57-42_image+ophys.nwb,https://dandiarchive.org/dandiset/001424/draft/files?location=sub-801381&page=1,https://open.quiltdata.com/b/aind-open-data/tree/801381_2025-06-05_14-57-42/,,,,,,,,INTERNAL
SLAP2_776270_2025-07-02_11-50-06,776270,2025-07-02,SLAP2,Other/pilot,001424,sub-776270/sub-776270_ses-SLAP2-776270-2025-07-02-11-50-06_image+ophys.nwb,https://dandiarchive.org/dandiset/001424/draft/files?location=sub-776270&page=1,https://open.quiltdata.com/b/aind-open-data/tree/SLAP2_776270_2025-07-02_11-50-06/,,,,,,,,INTERNAL
SLAP2_803496_2025-07-02_15-33-26,803496,2025-07-02,SLAP2,Other/pilot,001424,sub-803496/sub-803496_ses-SLAP2-803496-2025-07-02-15-33-26_image+ophys.nwb,https://dandiarchive.org/dandiset/001424/draft/files?location=sub-803496&page=1,https://open.quiltdata.com/b/aind-open-data/tree/SLAP2_803496_2025-07-02_15-33-26/,,,,,,,,INTERNAL
SLAP2_796630_2025-08-25_14-59-15,796630,2025-08-25,SLAP2,Other/pilot,001424,sub-796630/sub-796630_ses-SLAP2-796630-2025-08-25-14-59-15_image+ophys.nwb,https://dandiarchive.org/dandiset/001424/draft/files?location=sub-796630&page=1,https://open.quiltdata.com/b/aind-open-data/tree/SLAP2_796630_2025-08-25_14-59-15/,,,,,,,,
SLAP2_796630_2025-08-28_14-25-34,796630,2025-08-28,SLAP2,Other/pilot,001424,sub-796630/sub-796630_ses-SLAP2-796630-2025-08-28-14-25-34_image+ophys.nwb,https://dandiarchive.org/dandiset/001424/draft/files?location=sub-796630&page=1,https://open.quiltdata.com/b/aind-open-data/tree/SLAP2_796630_2025-08-28_14-25-34/,,,,,,,,INTERNAL
SLAP2_796630_2025-09-26_10-48-22,796630,2025-09-26,SLAP2,Other/pilot,001424,sub-796630/sub-796630_ses-SLAP2-796630-2025-09-26-10-48-22_image+ophys.nwb,https://dandiarchive.org/dandiset/001424/draft/files?location=sub-796630&page=1,https://open.quiltdata.com/b/aind-open-data/tree/SLAP2_796630_2025-09-26_10-48-22/,,,,,,,,INTERNAL
SLAP2_801381_2025-09-26_14-17-56,801381,2025-09-26,SLAP2,Other/pilot,001424,sub-801381/sub-801381_ses-SLAP2-801381-2025-09-26-14-17-56_image+ophys.nwb,https://dandiarchive.org/dandiset/001424/draft/files?location=sub-801381&page=1,https://open.quiltdata.com/b/aind-open-data/tree/SLAP2_801381_2025-09-26_14-17-56/,,,,,,,,INTERNAL
SLAP2_796630_2025-10-01_14-23-25,796630,2025-10-01,SLAP2,Other/pilot,001424,sub-796630/sub-796630_ses-SLAP2-796630-2025-10-01-14-23-25_image+ophys.nwb,https://dandiarchive.org/dandiset/001424/draft/files?location=sub-796630&page=1,https://open.quiltdata.com/b/aind-open-data/tree/SLAP2_796630_2025-10-01_14-23-25/,,,,,,,,INTERNAL
SLAP2_801381_2025-10-02_15-23-18,801381,2025-10-02,SLAP2,Other/pilot,001424,sub-801381/sub-801381_ses-SLAP2-801381-2025-10-02-15-23-18_image+ophys.nwb,https://dandiarchive.org/dandiset/001424/draft/files?location=sub-801381&page=1,https://open.quiltdata.com/b/aind-open-data/tree/SLAP2_801381_2025-10-02_15-23-18/,,,,,,,,INTERNAL
828408_2025-11-13_10-30-53,828408,2025-11-13,SLAP2,Sensorimotor,001424,sub-828408/sub-828408_ses-828408-2025-11-13-10-30-53_image+ophys.nwb,https://dandiarchive.org/dandiset/001424/draft/files?location=sub-828408&page=1,https://open.quiltdata.com/b/aind-open-data/tree/828408_2025-11-13_10-30-53/,,,,,https://open.quiltdata.com/b/aind-open-data/tree/828408_2025-11-13_10-30-53_motion-corrected_2026-05-21_01-54-59/,https://open.quiltdata.com/b/codeocean-s3datasetsbucket-1u41qdg42ur9/tree/47b44c43-5586-413f-ad53-4d5916caee69/,https://open.quiltdata.com/b/aind-open-data/tree/828408_2025-11-13_10-30-53_processed_2026-05-22_06-53-48/,INTERNAL
828408_2025-11-18_14-44-48,828408,2025-11-18,SLAP2,Standard oddball,001424,sub-828408/sub-828408_ses-828408-2025-11-18-14-44-48_image+ophys.nwb,https://dandiarchive.org/dandiset/001424/draft/files?location=sub-828408&page=1,https://open.quiltdata.com/b/aind-open-data/tree/828408_2025-11-18_14-44-48/,,,,,https://open.quiltdata.com/b/aind-open-data/tree/828408_2025-11-18_14-44-48_motion-corrected_2026-05-14_03-24-33/,https://open.quiltdata.com/b/codeocean-s3datasetsbucket-1u41qdg42ur9/tree/36637c6d-32e4-4c69-beec-8face7ace847/,https://open.quiltdata.com/b/aind-open-data/tree/828408_2025-11-18_14-44-48_processed_2026-06-24_18-37-50/,INTERNAL
828409_2025-11-20_10-01-34,828409,2025-11-20,SLAP2,Sequence,001424,sub-828409/sub-828409_ses-828409-2025-11-20-10-01-34_image+ophys.nwb,https://dandiarchive.org/dandiset/001424/draft/files?location=sub-828409&page=1,https://open.quiltdata.com/b/aind-open-data/tree/828409_2025-11-20_10-01-34/,,,,,https://open.quiltdata.com/b/aind-open-data/tree/828409_2025-11-20_10-01-34_motion-corrected_2026-05-15_10-31-48/,https://open.quiltdata.com/b/codeocean-s3datasetsbucket-1u41qdg42ur9/tree/e080e441-bcce-412f-829c-308908f8a7a1/,https://open.quiltdata.com/b/aind-open-data/tree/828409_2025-11-20_10-01-34_processed_2026-07-08_17-26-36/,INTERNAL
828409_2025-11-21_11-14-03,828409,2025-11-21,SLAP2,Duration,001424,sub-828409/sub-828409_ses-828409-2025-11-21-11-14-03_image+ophys.nwb,https://dandiarchive.org/dandiset/001424/draft/files?location=sub-828409&page=1,https://open.quiltdata.com/b/aind-open-data/tree/828409_2025-11-21_11-14-03/,,,,,https://open.quiltdata.com/b/aind-open-data/tree/828409_2025-11-21_11-14-03_motion-corrected_2026-05-14_03-37-10/,https://open.quiltdata.com/b/codeocean-s3datasetsbucket-1u41qdg42ur9/tree/7494b004-e646-4da9-9711-1c3574abde6e/,https://open.quiltdata.com/b/aind-open-data/tree/828409_2025-11-21_11-14-03_processed_2026-06-24_10-01-37/,INTERNAL
829704_2025-12-10_13-47-47,829704,2025-12-10,SLAP2,Sensorimotor,001424,sub-829704/sub-829704_ses-829704-2025-12-10-13-47-47_image+ophys.nwb,https://dandiarchive.org/dandiset/001424/draft/files?location=sub-829704&page=1,https://open.quiltdata.com/b/aind-open-data/tree/829704_2025-12-10_13-47-47/,,,,,https://open.quiltdata.com/b/aind-open-data/tree/829704_2025-12-10_13-47-47_motion-corrected_2026-05-13_02-28-39/,https://open.quiltdata.com/b/codeocean-s3datasetsbucket-1u41qdg42ur9/tree/ce390b6d-02dd-46ea-bc40-7e74c7512038/,https://open.quiltdata.com/b/aind-open-data/tree/829704_2025-12-10_13-47-47_processed_2026-07-31_08-44-45/,INTERNAL
829704_2025-12-11_12-57-26,829704,2025-12-11,SLAP2,Standard oddball,001424,sub-829704/sub-829704_ses-829704-2025-12-11-12-57-26_image+ophys.nwb,https://dandiarchive.org/dandiset/001424/draft/files?location=sub-829704&page=1,https://open.quiltdata.com/b/aind-open-data/tree/829704_2025-12-11_12-57-26/,,,,,https://open.quiltdata.com/b/aind-open-data/tree/829704_2025-12-11_12-57-26_motion-corrected_2026-05-13_01-58-25/,https://open.quiltdata.com/b/codeocean-s3datasetsbucket-1u41qdg42ur9/tree/d75cd320-86fa-4f1c-bb56-9978efc91f84/,https://open.quiltdata.com/b/aind-open-data/tree/829704_2025-12-11_12-57-26_processed_2026-07-31_04-59-53/,INTERNAL
829704_2025-12-16_11-03-04,829704,2025-12-16,SLAP2,Sequence,001424,sub-829704/sub-829704_ses-829704-2025-12-16-11-03-04_image+ophys.nwb,https://dandiarchive.org/dandiset/001424/draft/files?location=sub-829704&page=1,https://open.quiltdata.com/b/aind-open-data/tree/829704_2025-12-16_11-03-04/,,,,,https://open.quiltdata.com/b/aind-open-data/tree/829704_2025-12-16_11-03-04_motion-corrected_2026-05-14_07-55-20/,https://open.quiltdata.com/b/codeocean-s3datasetsbucket-1u41qdg42ur9/tree/f0e6fe59-77c7-4fb8-9b21-829c5567e03b/,https://open.quiltdata.com/b/aind-open-data/tree/829704_2025-12-16_11-03-04_processed_2026-06-24_02-10-58/,INTERNAL
829704_2025-12-18_10-57-36,829704,2025-12-18,SLAP2,Duration,001424,sub-829704/sub-829704_ses-829704-2025-12-18-10-57-36_image+ophys.nwb,https://dandiarchive.org/dandiset/001424/draft/files?location=sub-829704&page=1,https://open.quiltdata.com/b/aind-open-data/tree/829704_2025-12-18_10-57-36/,,,,,https://open.quiltdata.com/b/aind-open-data/tree/829704_2025-12-18_10-57-36_motion-corrected_2026-07-25_03-35-02/,INTERNAL,https://open.quiltdata.com/b/aind-open-data/tree/829704_2025-12-18_10-57-36_processed_2026-06-24_04-22-48/,INTERNAL
